id,class,name,num,images,currency,goods_price,goods_ori_price,goods_price_range,watch_num,sold_num,buyer_limit_num,stock_status,fast_ship,free_shipping,youtube_link,video_link,ncc_check_code,bsmi_code,goods_no,available,post_time,spec_type,deliver_way,mode,ship,platform,ctrl_rowid,user,user_credit,pay_way,title_style,selling_g_now_price,item_remaining_time,translation_type,translated_name,min_estimated_delivery_date,max_estimated_delivery_date,update_time,is_brand_seller,is_ruten_choice_seller,is_r_pcstore,is_pcstore,is_goods_from_oversea,is_goods_sale,sale_start_time,sale_end_time,seller_score,is_sale_start_time_editable,pre_order_ship_date
22326117291422,000100020010,㊣Disney迪士尼書包/漫威書包/鋼鐵人書包/美國隊長書包蜘蛛人書包迪士尼背包小學生書包適用3-6年級預購款,15,"{'filename': '22326117291422_410.jpg,22326117291422_780.jpg,22326117291422_221.jpg,22326117291422_227.jpg,22326117291422_564.jpg,22326117291422_508.jpg,22326117291422_234.jpg,22326117291422_459.jpg,22326117291422_608.jpg', 'url': ['https://gcs.rimg.com.tw/g2/e/75/9e/22326117291422_410.jpg', 'https://gcs.rimg.com.tw/g2/e/75/9e/22326117291422_780.jpg', 'https://gcs.rimg.com.tw/g2/e/75/9e/22326117291422_221.jpg', 'https://gcs.rimg.com.tw/g2/e/75/9e/22326117291422_227.jpg', 'https://gcs.rimg.com.tw/g2/e/75/9e/22326117291422_564.jpg', 'https://gcs.rimg.com.tw/g2/e/75/9e/22326117291422_508.jpg', 'https://gcs.rimg.com.tw/g2/e/75/9e/22326117291422_234.jpg', 'https://gcs.rimg.com.tw/g2/e/75/9e/22326117291422_459.jpg', 'https://gcs.rimg.com.tw/g2/e/75/9e/22326117291422_608.jpg'], 'm_url': ['https://gcs.rimg.com.tw/g2/e/75/9e/22326117291422_410_m.jpg', 'https://gcs.rimg.com.tw/g2/e/75/9e/22326117291422_780_m.jpg', 'https://gcs.rimg.com.tw/g2/e/75/9e/22326117291422_221_m.jpg', 'https://gcs.rimg.com.tw/g2/e/75/9e/22326117291422_227_m.jpg', 'https://gcs.rimg.com.tw/g2/e/75/9e/22326117291422_564_m.jpg', 'https://gcs.rimg.com.tw/g2/e/75/9e/22326117291422_508_m.jpg', 'https://gcs.rimg.com.tw/g2/e/75/9e/22326117291422_234_m.jpg', 'https://gcs.rimg.com.tw/g2/e/75/9e/22326117291422_459_m.jpg', 'https://gcs.rimg.com.tw/g2/e/75/9e/22326117291422_608_m.jpg']}",TWD,820,820,"{'min': 820, 'max': 820, 'ori_min': 820, 'ori_max': 820}",0,0,0,1,0,0,,,,,,True,1688309532,R,"{'SEVEN_COD': 60, 'SEVEN': 60, 'FAMI_COD': 60, 'FAMI': 60, 'HILIFE_COD': 50, 'HILIFE': 50, 'POST': 80, 'ISLAND': 120}",B,A,RUTEN,3669607,f852716,565,"['PAYLINK', 'SEVEN_COD', 'FAMI_COD', 'HILIFE_COD', 'ATM', 'PS']",0,820,414447857,,,,,2024-01-23,False,False,False,False,False,False,1688309537,2145887999,"{'TotalCompletionRate': 0, 'TotalOrderNum': 0, '24hCompletionRate': 0, '24hOrderNum': 0, '3daysCompletionRate': 0, '3daysOrderNum': 0, '7daysCompletionRate': 0, '7daysOrderNum': 0, '14daysCompletionRate': 0, '14daysOrderNum': 0, '21daysCompletionRate': 0, '21daysOrderNum': 0, 'Exceed21daysCompletionRate': 0, 'Exceed21daysOrderNum': 0}",True,
22326113009379,000100020010,快樂上學趣㊣Disney迪士尼書包TSUM TSUM書包/米妮書包/草莓熊書包/兒童背包/男女童背包/雙肩背包/米奇書包,15,"{'filename': '22326113009379_378.jpg,22326113009379_744.jpg,22326113009379_103.jpg,22326113009379_366.jpg,22326113009379_686.jpg,22326113009379_373.jpg,22326113009379_253.jpg,22326113009379_431.jpg', 'url': ['https://gcs.rimg.com.tw/g1/d/1e/e3/22326113009379_378.jpg', 'https://gcs.rimg.com.tw/g1/d/1e/e3/22326113009379_744.jpg', 'https://gcs.rimg.com.tw/g1/d/1e/e3/22326113009379_103.jpg', 'https://gcs.rimg.com.tw/g1/d/1e/e3/22326113009379_366.jpg', 'https://gcs.rimg.com.tw/g1/d/1e/e3/22326113009379_686.jpg', 'https://gcs.rimg.com.tw/g1/d/1e/e3/22326113009379_373.jpg', 'https://gcs.rimg.com.tw/g1/d/1e/e3/22326113009379_253.jpg', 'https://gcs.rimg.com.tw/g1/d/1e/e3/22326113009379_431.jpg'], 'm_url': ['https://gcs.rimg.com.tw/g1/d/1e/e3/22326113009379_378_m.jpg', 'https://gcs.rimg.com.tw/g1/d/1e/e3/22326113009379_744_m.jpg', 'https://gcs.rimg.com.tw/g1/d/1e/e3/22326113009379_103_m.jpg', 'https://gcs.rimg.com.tw/g1/d/1e/e3/22326113009379_366_m.jpg', 'https://gcs.rimg.com.tw/g1/d/1e/e3/22326113009379_686_m.jpg', 'https://gcs.rimg.com.tw/g1/d/1e/e3/22326113009379_373_m.jpg', 'https://gcs.rimg.com.tw/g1/d/1e/e3/22326113009379_253_m.jpg', 'https://gcs.rimg.com.tw/g1/d/1e/e3/22326113009379_431_m.jpg']}",TWD,1090,1090,"{'min': 1090, 'max': 1090, 'ori_min': 1090, 'ori_max': 1090}",0,0,0,0,0,0,,,,,,True,1688262047,R,"{'SEVEN_COD': 60, 'SEVEN': 60, 'FAMI_COD': 60, 'FAMI': 60, 'HILIFE_COD': 50, 'HILIFE': 50, 'POST': 80, 'ISLAND': 120}",B,A,RUTEN,3669607,f852716,565,"['PAYLINK', 'SEVEN_COD', 'FAMI_COD', 'HILIFE_COD', 'ATM', 'PS']",0,1090,414447857,,,,,2024-01-23,False,False,False,False,False,False,1688262050,2145887999,"{'TotalCompletionRate': 0, 'TotalOrderNum': 0, '24hCompletionRate': 0, '24hOrderNum': 0, '3daysCompletionRate': 0, '3daysOrderNum': 0, '7daysCompletionRate': 0, '7daysOrderNum': 0, '14daysCompletionRate': 0, '14daysOrderNum': 0, '21daysCompletionRate': 0, '21daysOrderNum': 0, 'Exceed21daysCompletionRate': 0, 'Exceed21daysOrderNum': 0}",True,
22326112976775,000100020010,開學趣㊣凱蒂貓背包/HELLO KITTY書包/庫洛米書/兒童書包/美樂蒂背包/大耳狗書包/卡通書包1-2年級 預購款,20,"{'filename': '22326112976775_537.jpg,22326112976775_651.jpg,22326112976775_494.jpg,22326112976775_296.jpg,22326112976775_264.jpg,22326112976775_738.jpg,22326112976775_369.jpg,22326112976775_949.jpg,22326112976775_627.jpg', 'url': ['https://gcs.rimg.com.tw/g1/c/9f/87/22326112976775_537.jpg', 'https://gcs.rimg.com.tw/g1/c/9f/87/22326112976775_651.jpg', 'https://gcs.rimg.com.tw/g1/c/9f/87/22326112976775_494.jpg', 'https://gcs.rimg.com.tw/g1/c/9f/87/22326112976775_296.jpg', 'https://gcs.rimg.com.tw/g1/c/9f/87/22326112976775_264.jpg', 'https://gcs.rimg.com.tw/g1/c/9f/87/22326112976775_738.jpg', 'https://gcs.rimg.com.tw/g1/c/9f/87/22326112976775_369.jpg', 'https://gcs.rimg.com.tw/g1/c/9f/87/22326112976775_949.jpg', 'https://gcs.rimg.com.tw/g1/c/9f/87/22326112976775_627.jpg'], 'm_url': ['https://gcs.rimg.com.tw/g1/c/9f/87/22326112976775_537_m.jpg', 'https://gcs.rimg.com.tw/g1/c/9f/87/22326112976775_651_m.jpg', 'https://gcs.rimg.com.tw/g1/c/9f/87/22326112976775_494_m.jpg', 'https://gcs.rimg.com.tw/g1/c/9f/87/22326112976775_296_m.jpg', 'https://gcs.rimg.com.tw/g1/c/9f/87/22326112976775_264_m.jpg', 'https://gcs.rimg.com.tw/g1/c/9f/87/22326112976775_738_m.jpg', 'https://gcs.rimg.com.tw/g1/c/9f/87/22326112976775_369_m.jpg', 'https://gcs.rimg.com.tw/g1/c/9f/87/22326112976775_949_m.jpg', 'https://gcs.rimg.com.tw/g1/c/9f/87/22326112976775_627_m.jpg']}",TWD,1090,1090,"{'min': 1090, 'max': 1090, 'ori_min': 1090, 'ori_max': 1090}",3,0,0,0,0,0,,,,,,True,1688261374,R,"{'SEVEN_COD': 60, 'SEVEN': 60, 'FAMI_COD': 60, 'FAMI': 60, 'HILIFE_COD': 50, 'HILIFE': 50, 'POST': 80, 'ISLAND': 120}",B,A,RUTEN,3669607,f852716,565,"['PAYLINK', 'SEVEN_COD', 'FAMI_COD', 'HILIFE_COD', 'ATM', 'PS']",0,1090,414447857,,,,,2024-01-31,False,False,False,False,False,False,1688261376,2145887999,"{'TotalCompletionRate': 0, 'TotalOrderNum': 0, '24hCompletionRate': 0, '24hOrderNum': 0, '3daysCompletionRate': 0, '3daysOrderNum': 0, '7daysCompletionRate': 0, '7daysOrderNum': 0, '14daysCompletionRate': 0, '14daysOrderNum': 0, '21daysCompletionRate': 0, '21daysOrderNum': 0, 'Exceed21daysCompletionRate': 0, 'Exceed21daysOrderNum': 0}",True,
22051313303250,000100020010,開學季~快樂上學趣㊣凱蒂貓背包/HELLO KITTY書包/兒童書包/女童背包/雙肩背包/卡通書包 /1-3年級 預購款,10,"{'filename': '22051313303250_610.jpg,22051313303250_711.jpg,22051313303250_881.jpg,22051313303250_853.jpg,22051313303250_538.jpg,22051313303250_845.jpg', 'url': ['https://gcs.rimg.com.tw/g2/7/6a/d2/22051313303250_610.jpg', 'https://gcs.rimg.com.tw/g2/7/6a/d2/22051313303250_711.jpg', 'https://gcs.rimg.com.tw/g2/7/6a/d2/22051313303250_881.jpg', 'https://gcs.rimg.com.tw/g2/7/6a/d2/22051313303250_853.jpg', 'https://gcs.rimg.com.tw/g2/7/6a/d2/22051313303250_538.jpg', 'https://gcs.rimg.com.tw/g2/7/6a/d2/22051313303250_845.jpg'], 'm_url': ['https://gcs.rimg.com.tw/g2/7/6a/d2/22051313303250_610_m.jpg', 'https://gcs.rimg.com.tw/g2/7/6a/d2/22051313303250_711_m.jpg', 'https://gcs.rimg.com.tw/g2/7/6a/d2/22051313303250_881_m.jpg', 'https://gcs.rimg.com.tw/g2/7/6a/d2/22051313303250_853_m.jpg', 'https://gcs.rimg.com.tw/g2/7/6a/d2/22051313303250_538_m.jpg', 'https://gcs.rimg.com.tw/g2/7/6a/d2/22051313303250_845_m.jpg']}",TWD,1070,1070,"{'min': 1070, 'max': 1070, 'ori_min': 1070, 'ori_max': 1070}",0,0,0,2,0,0,,,,,,True,1607955748,R,"{'SEVEN_COD': 60, 'SEVEN': 60, 'FAMI_COD': 60, 'FAMI': 60, 'HILIFE_COD': 50, 'HILIFE': 50, 'POST': 80, 'ISLAND': 120}",B,A,RUTEN,3669607,f852716,565,"['PAYLINK', 'SEVEN_COD', 'FAMI_COD', 'HILIFE_COD', 'ATM', 'PS']",0,1070,414447857,,,,,2024-01-23,False,False,False,False,False,False,1607955750,2145887999,"{'TotalCompletionRate': 0, 'TotalOrderNum': 0, '24hCompletionRate': 0, '24hOrderNum': 0, '3daysCompletionRate': 0, '3daysOrderNum': 0, '7daysCompletionRate': 0, '7daysOrderNum': 0, '14daysCompletionRate': 0, '14daysOrderNum': 0, '21daysCompletionRate': 0, '21daysOrderNum': 0, 'Exceed21daysCompletionRate': 0, 'Exceed21daysOrderNum': 0}",True,2023/06
22051313277395,000100020010,開學季~快樂上學趣㊣凱蒂貓背包/HELLO KITTY書包/兒童書包/女童背包/雙肩背包/卡通書包 /1-3年級 預購款,9,"{'filename': '22051313277395_465.jpg,22051313277395_706.jpg,22051313277395_473.jpg,22051313277395_582.jpg,22051313277395_264.jpg,22051313277395_181.jpg', 'url': ['https://gcs.rimg.com.tw/g1/7/05/d3/22051313277395_465.jpg', 'https://gcs.rimg.com.tw/g1/7/05/d3/22051313277395_706.jpg', 'https://gcs.rimg.com.tw/g1/7/05/d3/22051313277395_473.jpg', 'https://gcs.rimg.com.tw/g1/7/05/d3/22051313277395_582.jpg', 'https://gcs.rimg.com.tw/g1/7/05/d3/22051313277395_264.jpg', 'https://gcs.rimg.com.tw/g1/7/05/d3/22051313277395_181.jpg'], 'm_url': ['https://gcs.rimg.com.tw/g1/7/05/d3/22051313277395_465_m.jpg', 'https://gcs.rimg.com.tw/g1/7/05/d3/22051313277395_706_m.jpg', 'https://gcs.rimg.com.tw/g1/7/05/d3/22051313277395_473_m.jpg', 'https://gcs.rimg.com.tw/g1/7/05/d3/22051313277395_582_m.jpg', 'https://gcs.rimg.com.tw/g1/7/05/d3/22051313277395_264_m.jpg', 'https://gcs.rimg.com.tw/g1/7/05/d3/22051313277395_181_m.jpg']}",TWD,899,899,"{'min': 899, 'max': 899, 'ori_min': 899, 'ori_max': 899}",0,1,0,2,0,0,,,,,,True,1607955567,R,"{'SEVEN_COD': 60, 'SEVEN': 60, 'FAMI_COD': 60, 'FAMI': 60, 'HILIFE_COD': 50, 'HILIFE': 50, 'POST': 80, 'ISLAND': 120}",B,A,RUTEN,3669607,f852716,565,"['PAYLINK', 'SEVEN_COD', 'FAMI_COD', 'HILIFE_COD', 'ATM', 'PS']",0,899,414447857,,,,,2024-01-23,False,False,False,False,False,False,1607955569,2145887999,"{'TotalCompletionRate': 0, 'TotalOrderNum': 0, '24hCompletionRate': 0, '24hOrderNum': 0, '3daysCompletionRate': 0, '3daysOrderNum': 0, '7daysCompletionRate': 0, '7daysOrderNum': 0, '14daysCompletionRate': 0, '14daysOrderNum': 0, '21daysCompletionRate': 0, '21daysOrderNum': 0, 'Exceed21daysCompletionRate': 0, 'Exceed21daysOrderNum': 0}",True,2023/06
22049156682296,000100020010,快樂開學季㊣Disney迪士尼書包/漫威書包/鋼鐵人書包/蜘蛛人書包/雙肩背包迪士尼背包小學生書包適用1-3年級預購款,10,"{'filename': '22049156682296_950.jpg,22049156682296_737.jpg,22049156682296_746.jpg,22049156682296_951.jpg,22049156682296_570.jpg,22049156682296_850.jpg,22049156682296_818.jpg,22049156682296_959.jpg,22049156682296_339.jpg', 'url': ['https://gcs.rimg.com.tw/g2/7/e2/38/22049156682296_950.jpg', 'https://gcs.rimg.com.tw/g2/7/e2/38/22049156682296_737.jpg', 'https://gcs.rimg.com.tw/g2/7/e2/38/22049156682296_746.jpg', 'https://gcs.rimg.com.tw/g2/7/e2/38/22049156682296_951.jpg', 'https://gcs.rimg.com.tw/g2/7/e2/38/22049156682296_570.jpg', 'https://gcs.rimg.com.tw/g2/7/e2/38/22049156682296_850.jpg', 'https://gcs.rimg.com.tw/g2/7/e2/38/22049156682296_818.jpg', 'https://gcs.rimg.com.tw/g2/7/e2/38/22049156682296_959.jpg', 'https://gcs.rimg.com.tw/g2/7/e2/38/22049156682296_339.jpg'], 'm_url': ['https://gcs.rimg.com.tw/g2/7/e2/38/22049156682296_950_m.jpg', 'https://gcs.rimg.com.tw/g2/7/e2/38/22049156682296_737_m.jpg', 'https://gcs.rimg.com.tw/g2/7/e2/38/22049156682296_746_m.jpg', 'https://gcs.rimg.com.tw/g2/7/e2/38/22049156682296_951_m.jpg', 'https://gcs.rimg.com.tw/g2/7/e2/38/22049156682296_570_m.jpg', 'https://gcs.rimg.com.tw/g2/7/e2/38/22049156682296_850_m.jpg', 'https://gcs.rimg.com.tw/g2/7/e2/38/22049156682296_818_m.jpg', 'https://gcs.rimg.com.tw/g2/7/e2/38/22049156682296_959_m.jpg', 'https://gcs.rimg.com.tw/g2/7/e2/38/22049156682296_339_m.jpg']}",TWD,1499,1499,"{'min': 1499, 'max': 1499, 'ori_min': 1499, 'ori_max': 1499}",0,0,0,0,0,0,,,,,,True,1606748606,R,"{'SEVEN_COD': 60, 'SEVEN': 60, 'FAMI_COD': 60, 'FAMI': 60, 'HILIFE_COD': 50, 'HILIFE': 50, 'MAPLE': 70, 'TCAT': 90, 'POST': 80, 'ISLAND': 120}",B,A,RUTEN,3669607,f852716,565,"['PAYLINK', 'SEVEN_COD', 'FAMI_COD', 'HILIFE_COD', 'ATM', 'PS', 'F2F']",0,1499,414447857,,,,,2024-08-15,False,False,False,False,False,False,1606748609,2145887999,"{'TotalCompletionRate': 0, 'TotalOrderNum': 0, '24hCompletionRate': 0, '24hOrderNum': 0, '3daysCompletionRate': 0, '3daysOrderNum': 0, '7daysCompletionRate': 0, '7daysOrderNum': 0, '14daysCompletionRate': 0, '14daysOrderNum': 0, '21daysCompletionRate': 0, '21daysOrderNum': 0, 'Exceed21daysCompletionRate': 0, 'Exceed21daysOrderNum': 0}",True,
22049156653867,000100020010,快樂開學季㊣Disney迪士尼書包/漫威書包/鋼鐵人書包/蜘蛛人書包/雙肩背包迪士尼背包小學生書包適用1-3年級預購款,15,"{'filename': '22049156653867_990.jpg,22049156653867_224.jpg,22049156653867_788.jpg,22049156653867_791.jpg,22049156653867_982.jpg,22049156653867_957.jpg,22049156653867_642.jpg,22049156653867_897.jpg,22049156653867_162.jpg', 'url': ['https://gcs.rimg.com.tw/g1/7/73/2b/22049156653867_990.jpg', 'https://gcs.rimg.com.tw/g1/7/73/2b/22049156653867_224.jpg', 'https://gcs.rimg.com.tw/g1/7/73/2b/22049156653867_788.jpg', 'https://gcs.rimg.com.tw/g1/7/73/2b/22049156653867_791.jpg', 'https://gcs.rimg.com.tw/g1/7/73/2b/22049156653867_982.jpg', 'https://gcs.rimg.com.tw/g1/7/73/2b/22049156653867_957.jpg', 'https://gcs.rimg.com.tw/g1/7/73/2b/22049156653867_642.jpg', 'https://gcs.rimg.com.tw/g1/7/73/2b/22049156653867_897.jpg', 'https://gcs.rimg.com.tw/g1/7/73/2b/22049156653867_162.jpg'], 'm_url': ['https://gcs.rimg.com.tw/g1/7/73/2b/22049156653867_990_m.jpg', 'https://gcs.rimg.com.tw/g1/7/73/2b/22049156653867_224_m.jpg', 'https://gcs.rimg.com.tw/g1/7/73/2b/22049156653867_788_m.jpg', 'https://gcs.rimg.com.tw/g1/7/73/2b/22049156653867_791_m.jpg', 'https://gcs.rimg.com.tw/g1/7/73/2b/22049156653867_982_m.jpg', 'https://gcs.rimg.com.tw/g1/7/73/2b/22049156653867_957_m.jpg', 'https://gcs.rimg.com.tw/g1/7/73/2b/22049156653867_642_m.jpg', 'https://gcs.rimg.com.tw/g1/7/73/2b/22049156653867_897_m.jpg', 'https://gcs.rimg.com.tw/g1/7/73/2b/22049156653867_162_m.jpg']}",TWD,799,799,"{'min': 799, 'max': 799, 'ori_min': 799, 'ori_max': 799}",0,0,0,5,0,0,,,,,,True,1606748376,R,"{'SEVEN_COD': 60, 'SEVEN': 60, 'FAMI_COD': 60, 'FAMI': 60, 'HILIFE_COD': 50, 'HILIFE': 50, 'MAPLE': 70, 'TCAT': 90, 'POST': 80, 'ISLAND': 120}",B,A,RUTEN,3669607,f852716,565,"['PAYLINK', 'SEVEN_COD', 'FAMI_COD', 'HILIFE_COD', 'ATM', 'PS', 'F2F']",0,799,414447857,,,,,2024-01-23,False,False,False,False,False,False,1606748378,2145887999,"{'TotalCompletionRate': 0, 'TotalOrderNum': 0, '24hCompletionRate': 0, '24hOrderNum': 0, '3daysCompletionRate': 0, '3daysOrderNum': 0, '7daysCompletionRate': 0, '7daysOrderNum': 0, '14daysCompletionRate': 0, '14daysOrderNum': 0, '21daysCompletionRate': 0, '21daysOrderNum': 0, 'Exceed21daysCompletionRate': 0, 'Exceed21daysOrderNum': 0}",True,
22048076842610,000100020010,開學季~快樂上學趣㊣凱蒂貓背包/HELLO KITTY書包/兒童書包/女童背包/雙肩背包/卡通書包 /1-3年級 預購款,10,"{'filename': '22048076842610_855.jpg,22048076842610_976.jpg,22048076842610_483.jpg,22048076842610_128.jpg,22048076842610_835.jpg,22048076842610_654.jpg,22048076842610_133.jpg', 'url': ['https://gcs.rimg.com.tw/g2/a/d6/72/22048076842610_855.jpg', 'https://gcs.rimg.com.tw/g2/a/d6/72/22048076842610_976.jpg', 'https://gcs.rimg.com.tw/g2/a/d6/72/22048076842610_483.jpg', 'https://gcs.rimg.com.tw/g2/a/d6/72/22048076842610_128.jpg', 'https://gcs.rimg.com.tw/g2/a/d6/72/22048076842610_835.jpg', 'https://gcs.rimg.com.tw/g2/a/d6/72/22048076842610_654.jpg', 'https://gcs.rimg.com.tw/g2/a/d6/72/22048076842610_133.jpg'], 'm_url': ['https://gcs.rimg.com.tw/g2/a/d6/72/22048076842610_855_m.jpg', 'https://gcs.rimg.com.tw/g2/a/d6/72/22048076842610_976_m.jpg', 'https://gcs.rimg.com.tw/g2/a/d6/72/22048076842610_483_m.jpg', 'https://gcs.rimg.com.tw/g2/a/d6/72/22048076842610_128_m.jpg', 'https://gcs.rimg.com.tw/g2/a/d6/72/22048076842610_835_m.jpg', 'https://gcs.rimg.com.tw/g2/a/d6/72/22048076842610_654_m.jpg', 'https://gcs.rimg.com.tw/g2/a/d6/72/22048076842610_133_m.jpg']}",TWD,1420,1420,"{'min': 1420, 'max': 1420, 'ori_min': 1420, 'ori_max': 1420}",0,0,0,5,0,0,,,,,,True,1606142876,R,"{'SEVEN_COD': 60, 'SEVEN': 60, 'FAMI_COD': 60, 'FAMI': 60, 'HILIFE_COD': 50, 'HILIFE': 50, 'MAPLE': 70, 'TCAT': 90, 'POST': 80, 'ISLAND': 120}",B,A,RUTEN,3669607,f852716,565,"['PAYLINK', 'SEVEN_COD', 'FAMI_COD', 'HILIFE_COD', 'ATM', 'PS', 'F2F']",0,1420,414447857,,,,,2024-01-23,False,False,False,False,False,False,1606142879,2145887999,"{'TotalCompletionRate': 0, 'TotalOrderNum': 0, '24hCompletionRate': 0, '24hOrderNum': 0, '3daysCompletionRate': 0, '3daysOrderNum': 0, '7daysCompletionRate': 0, '7daysOrderNum': 0, '14daysCompletionRate': 0, '14daysOrderNum': 0, '21daysCompletionRate': 0, '21daysOrderNum': 0, 'Exceed21daysCompletionRate': 0, 'Exceed21daysOrderNum': 0}",True,
22048076757266,000100020010,開學季~快樂上學趣㊣凱蒂貓背包/HELLO KITTY書包/兒童書包/女童背包/雙肩背包/側開書包~3-6年級 預購款,10,"{'filename': '22048076757266_624.jpg,22048076757266_887.jpg,22048076757266_677.jpg,22048076757266_652.jpg,22048076757266_203.jpg,22048076757266_359.jpg,22048076757266_716.jpg', 'url': ['https://gcs.rimg.com.tw/g2/9/89/12/22048076757266_624.jpg', 'https://gcs.rimg.com.tw/g2/9/89/12/22048076757266_887.jpg', 'https://gcs.rimg.com.tw/g2/9/89/12/22048076757266_677.jpg', 'https://gcs.rimg.com.tw/g2/9/89/12/22048076757266_652.jpg', 'https://gcs.rimg.com.tw/g2/9/89/12/22048076757266_203.jpg', 'https://gcs.rimg.com.tw/g2/9/89/12/22048076757266_359.jpg', 'https://gcs.rimg.com.tw/g2/9/89/12/22048076757266_716.jpg'], 'm_url': ['https://gcs.rimg.com.tw/g2/9/89/12/22048076757266_624_m.jpg', 'https://gcs.rimg.com.tw/g2/9/89/12/22048076757266_887_m.jpg', 'https://gcs.rimg.com.tw/g2/9/89/12/22048076757266_677_m.jpg', 'https://gcs.rimg.com.tw/g2/9/89/12/22048076757266_652_m.jpg', 'https://gcs.rimg.com.tw/g2/9/89/12/22048076757266_203_m.jpg', 'https://gcs.rimg.com.tw/g2/9/89/12/22048076757266_359_m.jpg', 'https://gcs.rimg.com.tw/g2/9/89/12/22048076757266_716_m.jpg']}",TWD,960,960,"{'min': 960, 'max': 960, 'ori_min': 960, 'ori_max': 960}",0,0,0,5,0,0,,,,,,True,1606142266,R,"{'SEVEN_COD': 60, 'SEVEN': 60, 'FAMI_COD': 60, 'FAMI': 60, 'HILIFE_COD': 50, 'HILIFE': 50, 'MAPLE': 70, 'TCAT': 90, 'POST': 80, 'ISLAND': 120}",B,A,RUTEN,3669607,f852716,565,"['PAYLINK', 'SEVEN_COD', 'FAMI_COD', 'HILIFE_COD', 'ATM', 'PS', 'F2F']",0,960,414447857,,,,,2024-01-23,False,False,False,False,False,False,1606142268,2145887999,"{'TotalCompletionRate': 0, 'TotalOrderNum': 0, '24hCompletionRate': 0, '24hOrderNum': 0, '3daysCompletionRate': 0, '3daysOrderNum': 0, '7daysCompletionRate': 0, '7daysOrderNum': 0, '14daysCompletionRate': 0, '14daysOrderNum': 0, '21daysCompletionRate': 0, '21daysOrderNum': 0, 'Exceed21daysCompletionRate': 0, 'Exceed21daysOrderNum': 0}",True,
22044804515319,000100020010,開學季㊣Disney迪士尼書包/兒童書包/冰雪奇緣書包/雙肩背包/卡通書包/艾莎書包/ELSA書包適合1-3年級預購款,10,"{'filename': '22044804515319_972.jpg,22044804515319_893.jpg,22044804515319_887.jpg,22044804515319_965.jpg,22044804515319_481.jpg,22044804515319_657.jpg,22044804515319_635.jpg,22044804515319_100.jpg,22044804515319_267.jpg', 'url': ['https://gcs.rimg.com.tw/g1/f/15/f7/22044804515319_972.jpg', 'https://gcs.rimg.com.tw/g1/f/15/f7/22044804515319_893.jpg', 'https://gcs.rimg.com.tw/g1/f/15/f7/22044804515319_887.jpg', 'https://gcs.rimg.com.tw/g1/f/15/f7/22044804515319_965.jpg', 'https://gcs.rimg.com.tw/g1/f/15/f7/22044804515319_481.jpg', 'https://gcs.rimg.com.tw/g1/f/15/f7/22044804515319_657.jpg', 'https://gcs.rimg.com.tw/g1/f/15/f7/22044804515319_635.jpg', 'https://gcs.rimg.com.tw/g1/f/15/f7/22044804515319_100.jpg', 'https://gcs.rimg.com.tw/g1/f/15/f7/22044804515319_267.jpg'], 'm_url': ['https://gcs.rimg.com.tw/g1/f/15/f7/22044804515319_972_m.jpg', 'https://gcs.rimg.com.tw/g1/f/15/f7/22044804515319_893_m.jpg', 'https://gcs.rimg.com.tw/g1/f/15/f7/22044804515319_887_m.jpg', 'https://gcs.rimg.com.tw/g1/f/15/f7/22044804515319_965_m.jpg', 'https://gcs.rimg.com.tw/g1/f/15/f7/22044804515319_481_m.jpg', 'https://gcs.rimg.com.tw/g1/f/15/f7/22044804515319_657_m.jpg', 'https://gcs.rimg.com.tw/g1/f/15/f7/22044804515319_635_m.jpg', 'https://gcs.rimg.com.tw/g1/f/15/f7/22044804515319_100_m.jpg', 'https://gcs.rimg.com.tw/g1/f/15/f7/22044804515319_267_m.jpg']}",TWD,1120,1120,"{'min': 1120, 'max': 1120, 'ori_min': 1120, 'ori_max': 1120}",0,0,0,5,0,0,,,,,,True,1603955869,R,"{'SEVEN_COD': 60, 'SEVEN': 60, 'FAMI_COD': 60, 'FAMI': 60, 'HILIFE_COD': 50, 'HILIFE': 50, 'MAPLE': 70, 'TCAT': 90, 'POST': 80, 'ISLAND': 120}",B,A,RUTEN,3669607,f852716,565,"['PAYLINK', 'SEVEN_COD', 'FAMI_COD', 'HILIFE_COD', 'ATM', 'PS', 'F2F']",0,1120,414447857,,,,,2024-01-23,False,False,False,False,False,False,1603955874,2145887999,"{'TotalCompletionRate': 0, 'TotalOrderNum': 0, '24hCompletionRate': 0, '24hOrderNum': 0, '3daysCompletionRate': 0, '3daysOrderNum': 0, '7daysCompletionRate': 0, '7daysOrderNum': 0, '14daysCompletionRate': 0, '14daysOrderNum': 0, '21daysCompletionRate': 0, '21daysOrderNum': 0, 'Exceed21daysCompletionRate': 0, 'Exceed21daysOrderNum': 0}",True,
22044804412045,000100020010,開學季~快樂上學趣㊣Disney迪士尼背包TSUM TSUM背包/米妮背包幼兒背包兒童背包/女童背包/雙肩背包/卡通書包,15,"{'filename': '22044804412045_514.jpg,22044804412045_366.jpg,22044804412045_304.jpg,22044804412045_726.jpg,22044804412045_473.jpg,22044804412045_462.jpg,22044804412045_832.jpg,22044804412045_705.jpg,22044804412045_154.jpg', 'url': ['https://gcs.rimg.com.tw/g1/d/82/8d/22044804412045_514.jpg', 'https://gcs.rimg.com.tw/g1/d/82/8d/22044804412045_366.jpg', 'https://gcs.rimg.com.tw/g1/d/82/8d/22044804412045_304.jpg', 'https://gcs.rimg.com.tw/g1/d/82/8d/22044804412045_726.jpg', 'https://gcs.rimg.com.tw/g1/d/82/8d/22044804412045_473.jpg', 'https://gcs.rimg.com.tw/g1/d/82/8d/22044804412045_462.jpg', 'https://gcs.rimg.com.tw/g1/d/82/8d/22044804412045_832.jpg', 'https://gcs.rimg.com.tw/g1/d/82/8d/22044804412045_705.jpg', 'https://gcs.rimg.com.tw/g1/d/82/8d/22044804412045_154.jpg'], 'm_url': ['https://gcs.rimg.com.tw/g1/d/82/8d/22044804412045_514_m.jpg', 'https://gcs.rimg.com.tw/g1/d/82/8d/22044804412045_366_m.jpg', 'https://gcs.rimg.com.tw/g1/d/82/8d/22044804412045_304_m.jpg', 'https://gcs.rimg.com.tw/g1/d/82/8d/22044804412045_726_m.jpg', 'https://gcs.rimg.com.tw/g1/d/82/8d/22044804412045_473_m.jpg', 'https://gcs.rimg.com.tw/g1/d/82/8d/22044804412045_462_m.jpg', 'https://gcs.rimg.com.tw/g1/d/82/8d/22044804412045_832_m.jpg', 'https://gcs.rimg.com.tw/g1/d/82/8d/22044804412045_705_m.jpg', 'https://gcs.rimg.com.tw/g1/d/82/8d/22044804412045_154_m.jpg']}",TWD,1180,1180,"{'min': 1180, 'max': 1180, 'ori_min': 1180, 'ori_max': 1180}",0,0,0,5,0,0,,,,,,True,1603955159,R,"{'SEVEN_COD': 60, 'SEVEN': 60, 'FAMI_COD': 60, 'FAMI': 60, 'HILIFE_COD': 50, 'HILIFE': 50, 'MAPLE': 70, 'TCAT': 90, 'POST': 80, 'ISLAND': 120}",B,A,RUTEN,3669607,f852716,565,"['PAYLINK', 'SEVEN_COD', 'FAMI_COD', 'HILIFE_COD', 'ATM', 'PS', 'F2F']",0,1180,414447857,,,,,2024-01-23,False,False,False,False,False,False,1603955162,2145887999,"{'TotalCompletionRate': 0, 'TotalOrderNum': 0, '24hCompletionRate': 0, '24hOrderNum': 0, '3daysCompletionRate': 0, '3daysOrderNum': 0, '7daysCompletionRate': 0, '7daysOrderNum': 0, '14daysCompletionRate': 0, '14daysOrderNum': 0, '21daysCompletionRate': 0, '21daysOrderNum': 0, 'Exceed21daysCompletionRate': 0, 'Exceed21daysOrderNum': 0}",True,
22042690203662,000100020010,開學季~快樂上學趣㊣Disney迪士尼背包TSUM TSUM背包/米妮背包幼兒背包兒童背包/女童背包/雙肩背包/卡通書包,10,"{'filename': '22042690203662_739.jpg,22042690203662_779.jpg,22042690203662_644.jpg,22042690203662_346.jpg,22042690203662_579.jpg,22042690203662_589.jpg,22042690203662_221.jpg,22042690203662_630.jpg,22042690203662_572.jpg', 'url': ['https://gcs.rimg.com.tw/g2/9/40/0e/22042690203662_739.jpg', 'https://gcs.rimg.com.tw/g2/9/40/0e/22042690203662_779.jpg', 'https://gcs.rimg.com.tw/g2/9/40/0e/22042690203662_644.jpg', 'https://gcs.rimg.com.tw/g2/9/40/0e/22042690203662_346.jpg', 'https://gcs.rimg.com.tw/g2/9/40/0e/22042690203662_579.jpg', 'https://gcs.rimg.com.tw/g2/9/40/0e/22042690203662_589.jpg', 'https://gcs.rimg.com.tw/g2/9/40/0e/22042690203662_221.jpg', 'https://gcs.rimg.com.tw/g2/9/40/0e/22042690203662_630.jpg', 'https://gcs.rimg.com.tw/g2/9/40/0e/22042690203662_572.jpg'], 'm_url': ['https://gcs.rimg.com.tw/g2/9/40/0e/22042690203662_739_m.jpg', 'https://gcs.rimg.com.tw/g2/9/40/0e/22042690203662_779_m.jpg', 'https://gcs.rimg.com.tw/g2/9/40/0e/22042690203662_644_m.jpg', 'https://gcs.rimg.com.tw/g2/9/40/0e/22042690203662_346_m.jpg', 'https://gcs.rimg.com.tw/g2/9/40/0e/22042690203662_579_m.jpg', 'https://gcs.rimg.com.tw/g2/9/40/0e/22042690203662_589_m.jpg', 'https://gcs.rimg.com.tw/g2/9/40/0e/22042690203662_221_m.jpg', 'https://gcs.rimg.com.tw/g2/9/40/0e/22042690203662_630_m.jpg', 'https://gcs.rimg.com.tw/g2/9/40/0e/22042690203662_572_m.jpg']}",TWD,960,960,"{'min': 960, 'max': 960, 'ori_min': 960, 'ori_max': 960}",0,0,0,5,0,0,,,,,,True,1602944965,R,"{'SEVEN_COD': 60, 'SEVEN': 60, 'FAMI_COD': 60, 'FAMI': 60, 'HILIFE_COD': 50, 'HILIFE': 50, 'MAPLE': 70, 'TCAT': 90, 'POST': 80, 'ISLAND': 120}",B,A,RUTEN,3669607,f852716,565,"['PAYLINK', 'SEVEN_COD', 'FAMI_COD', 'HILIFE_COD', 'ATM', 'PS', 'F2F']",0,960,414447857,,,,,2024-01-23,False,False,False,False,False,False,1602944967,2145887999,"{'TotalCompletionRate': 0, 'TotalOrderNum': 0, '24hCompletionRate': 0, '24hOrderNum': 0, '3daysCompletionRate': 0, '3daysOrderNum': 0, '7daysCompletionRate': 0, '7daysOrderNum': 0, '14daysCompletionRate': 0, '14daysOrderNum': 0, '21daysCompletionRate': 0, '21daysOrderNum': 0, 'Exceed21daysCompletionRate': 0, 'Exceed21daysOrderNum': 0}",True,
22042690182455,000100020010,新款母嬰包㊣Disney迪士尼背包/米奇米妮背包/媽咪背包/母嬰背包/媽媽背包/男女童背包/雙肩背包/卡通書包,30,"{'filename': '22042690182455_704.jpg,22042690182455_223.jpg,22042690182455_628.jpg,22042690182455_448.jpg,22042690182455_732.jpg,22042690182455_619.jpg,22042690182455_761.jpg,22042690182455_143.jpg,22042690182455_318.jpg', 'url': ['https://gcs.rimg.com.tw/g1/8/ed/37/22042690182455_704.jpg', 'https://gcs.rimg.com.tw/g1/8/ed/37/22042690182455_223.jpg', 'https://gcs.rimg.com.tw/g1/8/ed/37/22042690182455_628.jpg', 'https://gcs.rimg.com.tw/g1/8/ed/37/22042690182455_448.jpg', 'https://gcs.rimg.com.tw/g1/8/ed/37/22042690182455_732.jpg', 'https://gcs.rimg.com.tw/g1/8/ed/37/22042690182455_619.jpg', 'https://gcs.rimg.com.tw/g1/8/ed/37/22042690182455_761.jpg', 'https://gcs.rimg.com.tw/g1/8/ed/37/22042690182455_143.jpg', 'https://gcs.rimg.com.tw/g1/8/ed/37/22042690182455_318.jpg'], 'm_url': ['https://gcs.rimg.com.tw/g1/8/ed/37/22042690182455_704_m.jpg', 'https://gcs.rimg.com.tw/g1/8/ed/37/22042690182455_223_m.jpg', 'https://gcs.rimg.com.tw/g1/8/ed/37/22042690182455_628_m.jpg', 'https://gcs.rimg.com.tw/g1/8/ed/37/22042690182455_448_m.jpg', 'https://gcs.rimg.com.tw/g1/8/ed/37/22042690182455_732_m.jpg', 'https://gcs.rimg.com.tw/g1/8/ed/37/22042690182455_619_m.jpg', 'https://gcs.rimg.com.tw/g1/8/ed/37/22042690182455_761_m.jpg', 'https://gcs.rimg.com.tw/g1/8/ed/37/22042690182455_143_m.jpg', 'https://gcs.rimg.com.tw/g1/8/ed/37/22042690182455_318_m.jpg']}",TWD,640,640,"{'min': 640, 'max': 750, 'ori_min': 640, 'ori_max': 750}",0,0,0,5,0,0,,,,,,True,1602944741,R,"{'SEVEN_COD': 60, 'SEVEN': 60, 'FAMI_COD': 60, 'FAMI': 60, 'HILIFE_COD': 50, 'HILIFE': 50, 'MAPLE': 70, 'TCAT': 90, 'POST': 80, 'ISLAND': 120}",B,A,RUTEN,3669607,f852716,565,"['PAYLINK', 'SEVEN_COD', 'FAMI_COD', 'HILIFE_COD', 'ATM', 'PS', 'F2F']",0,640,414447857,,,,,2024-01-23,False,False,False,False,False,False,1602944744,2145887999,"{'TotalCompletionRate': 0, 'TotalOrderNum': 0, '24hCompletionRate': 0, '24hOrderNum': 0, '3daysCompletionRate': 0, '3daysOrderNum': 0, '7daysCompletionRate': 0, '7daysOrderNum': 0, '14daysCompletionRate': 0, '14daysOrderNum': 0, '21daysCompletionRate': 0, '21daysOrderNum': 0, 'Exceed21daysCompletionRate': 0, 'Exceed21daysOrderNum': 0}",True,
22039495318006,000100020010,快樂開學季最新款冰雪奇緣書包/㊣Disney迪士尼書包/冰雪奇緣背包/兒童書包/艾莎書包/ELSA書包/適合1~4年級,10,"{'filename': '22039495318006_163.jpg,22039495318006_151.jpg,22039495318006_720.jpg,22039495318006_943.jpg,22039495318006_758.jpg,22039495318006_905.jpg,22039495318006_487.jpg,22039495318006_595.jpg,22039495318006_309.jpg', 'url': ['https://gcs.rimg.com.tw/g2/7/0d/f6/22039495318006_163.jpg', 'https://gcs.rimg.com.tw/g2/7/0d/f6/22039495318006_151.jpg', 'https://gcs.rimg.com.tw/g2/7/0d/f6/22039495318006_720.jpg', 'https://gcs.rimg.com.tw/g2/7/0d/f6/22039495318006_943.jpg', 'https://gcs.rimg.com.tw/g2/7/0d/f6/22039495318006_758.jpg', 'https://gcs.rimg.com.tw/g2/7/0d/f6/22039495318006_905.jpg', 'https://gcs.rimg.com.tw/g2/7/0d/f6/22039495318006_487.jpg', 'https://gcs.rimg.com.tw/g2/7/0d/f6/22039495318006_595.jpg', 'https://gcs.rimg.com.tw/g2/7/0d/f6/22039495318006_309.jpg'], 'm_url': ['https://gcs.rimg.com.tw/g2/7/0d/f6/22039495318006_163_m.jpg', 'https://gcs.rimg.com.tw/g2/7/0d/f6/22039495318006_151_m.jpg', 'https://gcs.rimg.com.tw/g2/7/0d/f6/22039495318006_720_m.jpg', 'https://gcs.rimg.com.tw/g2/7/0d/f6/22039495318006_943_m.jpg', 'https://gcs.rimg.com.tw/g2/7/0d/f6/22039495318006_758_m.jpg', 'https://gcs.rimg.com.tw/g2/7/0d/f6/22039495318006_905_m.jpg', 'https://gcs.rimg.com.tw/g2/7/0d/f6/22039495318006_487_m.jpg', 'https://gcs.rimg.com.tw/g2/7/0d/f6/22039495318006_595_m.jpg', 'https://gcs.rimg.com.tw/g2/7/0d/f6/22039495318006_309_m.jpg']}",TWD,899,899,"{'min': 899, 'max': 899, 'ori_min': 899, 'ori_max': 899}",1,0,0,5,0,0,,,,,,True,1601088373,R,"{'SEVEN_COD': 60, 'SEVEN': 60, 'FAMI_COD': 60, 'FAMI': 60, 'HILIFE_COD': 50, 'HILIFE': 50, 'MAPLE': 70, 'TCAT': 90, 'POST': 80, 'ISLAND': 120}",B,A,RUTEN,3669607,f852716,565,"['PAYLINK', 'SEVEN_COD', 'FAMI_COD', 'HILIFE_COD', 'ATM', 'PS', 'F2F']",0,899,414447857,,,,,2024-01-23,False,False,False,False,False,False,1601088374,2145887999,"{'TotalCompletionRate': 0, 'TotalOrderNum': 0, '24hCompletionRate': 0, '24hOrderNum': 0, '3daysCompletionRate': 0, '3daysOrderNum': 0, '7daysCompletionRate': 0, '7daysOrderNum': 0, '14daysCompletionRate': 0, '14daysOrderNum': 0, '21daysCompletionRate': 0, '21daysOrderNum': 0, 'Exceed21daysCompletionRate': 0, 'Exceed21daysOrderNum': 0}",True,
22036269230173,000100020010,開學季~快樂上學趣㊣凱蒂貓背包/HELLO KITTY書包/兒童書包/女童背包/雙肩背包/卡通書包 /1-3年級 預購款,10,"{'filename': '22036269230173_277.jpg,22036269230173_172.jpg,22036269230173_342.jpg,22036269230173_766.jpg,22036269230173_558.jpg,22036269230173_137.jpg,22036269230173_290.jpg,22036269230173_910.jpg,22036269230173_456.jpg', 'url': ['https://gcs.rimg.com.tw/g1/c/dc/5d/22036269230173_277.jpg', 'https://gcs.rimg.com.tw/g1/c/dc/5d/22036269230173_172.jpg', 'https://gcs.rimg.com.tw/g1/c/dc/5d/22036269230173_342.jpg', 'https://gcs.rimg.com.tw/g1/c/dc/5d/22036269230173_766.jpg', 'https://gcs.rimg.com.tw/g1/c/dc/5d/22036269230173_558.jpg', 'https://gcs.rimg.com.tw/g1/c/dc/5d/22036269230173_137.jpg', 'https://gcs.rimg.com.tw/g1/c/dc/5d/22036269230173_290.jpg', 'https://gcs.rimg.com.tw/g1/c/dc/5d/22036269230173_910.jpg', 'https://gcs.rimg.com.tw/g1/c/dc/5d/22036269230173_456.jpg'], 'm_url': ['https://gcs.rimg.com.tw/g1/c/dc/5d/22036269230173_277_m.jpg', 'https://gcs.rimg.com.tw/g1/c/dc/5d/22036269230173_172_m.jpg', 'https://gcs.rimg.com.tw/g1/c/dc/5d/22036269230173_342_m.jpg', 'https://gcs.rimg.com.tw/g1/c/dc/5d/22036269230173_766_m.jpg', 'https://gcs.rimg.com.tw/g1/c/dc/5d/22036269230173_558_m.jpg', 'https://gcs.rimg.com.tw/g1/c/dc/5d/22036269230173_137_m.jpg', 'https://gcs.rimg.com.tw/g1/c/dc/5d/22036269230173_290_m.jpg', 'https://gcs.rimg.com.tw/g1/c/dc/5d/22036269230173_910_m.jpg', 'https://gcs.rimg.com.tw/g1/c/dc/5d/22036269230173_456_m.jpg']}",TWD,1060,1060,"{'min': 1060, 'max': 1060, 'ori_min': 1060, 'ori_max': 1060}",0,0,0,5,0,0,,,,,,True,1598943377,R,"{'SEVEN_COD': 60, 'SEVEN': 60, 'FAMI_COD': 60, 'FAMI': 60, 'HILIFE_COD': 50, 'HILIFE': 50, 'MAPLE': 70, 'TCAT': 90, 'POST': 80, 'ISLAND': 120}",B,A,RUTEN,3669607,f852716,565,"['PAYLINK', 'SEVEN_COD', 'FAMI_COD', 'HILIFE_COD', 'ATM', 'PS', 'F2F']",0,1060,414447857,,,,,2024-01-23,False,False,False,False,False,False,1598943377,2145887999,"{'TotalCompletionRate': 0, 'TotalOrderNum': 0, '24hCompletionRate': 0, '24hOrderNum': 0, '3daysCompletionRate': 0, '3daysOrderNum': 0, '7daysCompletionRate': 0, '7daysOrderNum': 0, '14daysCompletionRate': 0, '14daysOrderNum': 0, '21daysCompletionRate': 0, '21daysOrderNum': 0, 'Exceed21daysCompletionRate': 0, 'Exceed21daysOrderNum': 0}",True,
22034180184317,000100020010,快樂開學季㊣Disney迪士尼書包/星際大戰書包/兒童書包/STAR WARS書包/星球大戰書包適用國小2-4年級預購款,20,"{'filename': '22034180184317_218.jpg,22034180184317_319.jpg,22034180184317_945.jpg,22034180184317_805.jpg,22034180184317_541.jpg,22034180184317_138.jpg,22034180184317_169.jpg,22034180184317_683.jpg,22034180184317_652.jpg', 'url': ['https://gcs.rimg.com.tw/g1/8/8c/fd/22034180184317_218.jpg', 'https://gcs.rimg.com.tw/g1/8/8c/fd/22034180184317_319.jpg', 'https://gcs.rimg.com.tw/g1/8/8c/fd/22034180184317_945.jpg', 'https://gcs.rimg.com.tw/g1/8/8c/fd/22034180184317_805.jpg', 'https://gcs.rimg.com.tw/g1/8/8c/fd/22034180184317_541.jpg', 'https://gcs.rimg.com.tw/g1/8/8c/fd/22034180184317_138.jpg', 'https://gcs.rimg.com.tw/g1/8/8c/fd/22034180184317_169.jpg', 'https://gcs.rimg.com.tw/g1/8/8c/fd/22034180184317_683.jpg', 'https://gcs.rimg.com.tw/g1/8/8c/fd/22034180184317_652.jpg'], 'm_url': ['https://gcs.rimg.com.tw/g1/8/8c/fd/22034180184317_218_m.jpg', 'https://gcs.rimg.com.tw/g1/8/8c/fd/22034180184317_319_m.jpg', 'https://gcs.rimg.com.tw/g1/8/8c/fd/22034180184317_945_m.jpg', 'https://gcs.rimg.com.tw/g1/8/8c/fd/22034180184317_805_m.jpg', 'https://gcs.rimg.com.tw/g1/8/8c/fd/22034180184317_541_m.jpg', 'https://gcs.rimg.com.tw/g1/8/8c/fd/22034180184317_138_m.jpg', 'https://gcs.rimg.com.tw/g1/8/8c/fd/22034180184317_169_m.jpg', 'https://gcs.rimg.com.tw/g1/8/8c/fd/22034180184317_683_m.jpg', 'https://gcs.rimg.com.tw/g1/8/8c/fd/22034180184317_652_m.jpg']}",TWD,1230,1230,"{'min': 1230, 'max': 1230, 'ori_min': 1230, 'ori_max': 1230}",0,0,0,5,0,0,,,,,,True,1598017104,R,"{'SEVEN_COD': 60, 'SEVEN': 60, 'FAMI_COD': 60, 'FAMI': 60, 'HILIFE_COD': 50, 'HILIFE': 50, 'MAPLE': 70, 'TCAT': 90, 'POST': 80, 'ISLAND': 120}",B,A,RUTEN,3669607,f852716,565,"['PAYLINK', 'SEVEN_COD', 'FAMI_COD', 'HILIFE_COD', 'ATM', 'PS', 'F2F']",0,1230,414447857,,,,,2024-01-23,False,False,False,False,False,False,1598017104,2145887999,"{'TotalCompletionRate': 0, 'TotalOrderNum': 0, '24hCompletionRate': 0, '24hOrderNum': 0, '3daysCompletionRate': 0, '3daysOrderNum': 0, '7daysCompletionRate': 0, '7daysOrderNum': 0, '14daysCompletionRate': 0, '14daysOrderNum': 0, '21daysCompletionRate': 0, '21daysOrderNum': 0, 'Exceed21daysCompletionRate': 0, 'Exceed21daysOrderNum': 0}",True,
22034168580650,000100020010,開學季㊣Disney迪士尼書包/兒童書包/冰雪奇緣書包/雙肩背包/卡通書包/ELSA書包冰雪奇緣背包適合1-3年級預購款,10,"{'filename': '22034168580650_229.jpg,22034168580650_575.jpg,22034168580650_643.jpg,22034168580650_783.jpg,22034168580650_739.jpg,22034168580650_322.jpg,22034168580650_214.jpg,22034168580650_357.jpg,22034168580650_656.jpg', 'url': ['https://gcs.rimg.com.tw/g2/7/7e/2a/22034168580650_229.jpg', 'https://gcs.rimg.com.tw/g2/7/7e/2a/22034168580650_575.jpg', 'https://gcs.rimg.com.tw/g2/7/7e/2a/22034168580650_643.jpg', 'https://gcs.rimg.com.tw/g2/7/7e/2a/22034168580650_783.jpg', 'https://gcs.rimg.com.tw/g2/7/7e/2a/22034168580650_739.jpg', 'https://gcs.rimg.com.tw/g2/7/7e/2a/22034168580650_322.jpg', 'https://gcs.rimg.com.tw/g2/7/7e/2a/22034168580650_214.jpg', 'https://gcs.rimg.com.tw/g2/7/7e/2a/22034168580650_357.jpg', 'https://gcs.rimg.com.tw/g2/7/7e/2a/22034168580650_656.jpg'], 'm_url': ['https://gcs.rimg.com.tw/g2/7/7e/2a/22034168580650_229_m.jpg', 'https://gcs.rimg.com.tw/g2/7/7e/2a/22034168580650_575_m.jpg', 'https://gcs.rimg.com.tw/g2/7/7e/2a/22034168580650_643_m.jpg', 'https://gcs.rimg.com.tw/g2/7/7e/2a/22034168580650_783_m.jpg', 'https://gcs.rimg.com.tw/g2/7/7e/2a/22034168580650_739_m.jpg', 'https://gcs.rimg.com.tw/g2/7/7e/2a/22034168580650_322_m.jpg', 'https://gcs.rimg.com.tw/g2/7/7e/2a/22034168580650_214_m.jpg', 'https://gcs.rimg.com.tw/g2/7/7e/2a/22034168580650_357_m.jpg', 'https://gcs.rimg.com.tw/g2/7/7e/2a/22034168580650_656_m.jpg']}",TWD,1170,1170,"{'min': 1170, 'max': 1170, 'ori_min': 1170, 'ori_max': 1170}",0,0,0,5,0,0,,,,,,True,1597909786,R,"{'SEVEN_COD': 60, 'SEVEN': 60, 'FAMI_COD': 60, 'FAMI': 60, 'HILIFE_COD': 50, 'HILIFE': 50, 'MAPLE': 70, 'TCAT': 90, 'POST': 80, 'ISLAND': 120}",B,A,RUTEN,3669607,f852716,565,"['PAYLINK', 'SEVEN_COD', 'FAMI_COD', 'HILIFE_COD', 'ATM', 'PS', 'F2F']",0,1170,414447857,,,,,2024-01-23,False,False,False,False,False,False,1597909786,2145887999,"{'TotalCompletionRate': 0, 'TotalOrderNum': 0, '24hCompletionRate': 0, '24hOrderNum': 0, '3daysCompletionRate': 0, '3daysOrderNum': 0, '7daysCompletionRate': 0, '7daysOrderNum': 0, '14daysCompletionRate': 0, '14daysOrderNum': 0, '21daysCompletionRate': 0, '21daysOrderNum': 0, 'Exceed21daysCompletionRate': 0, 'Exceed21daysOrderNum': 0}",True,
22034168547114,000100020010,開學季㊣Disney迪士尼書包/冰雪奇緣背包/兒童書包/ELSA背包/雙肩背包/卡通書包/冰雪奇緣書包幼稚園學齡前預購款,15,"{'filename': '22034168547114_991.jpg,22034168547114_558.jpg,22034168547114_439.jpg,22034168547114_519.jpg,22034168547114_714.jpg,22034168547114_791.jpg,22034168547114_386.jpg,22034168547114_699.jpg,22034168547114_507.jpg', 'url': ['https://gcs.rimg.com.tw/g2/6/fb/2a/22034168547114_991.jpg', 'https://gcs.rimg.com.tw/g2/6/fb/2a/22034168547114_558.jpg', 'https://gcs.rimg.com.tw/g2/6/fb/2a/22034168547114_439.jpg', 'https://gcs.rimg.com.tw/g2/6/fb/2a/22034168547114_519.jpg', 'https://gcs.rimg.com.tw/g2/6/fb/2a/22034168547114_714.jpg', 'https://gcs.rimg.com.tw/g2/6/fb/2a/22034168547114_791.jpg', 'https://gcs.rimg.com.tw/g2/6/fb/2a/22034168547114_386.jpg', 'https://gcs.rimg.com.tw/g2/6/fb/2a/22034168547114_699.jpg', 'https://gcs.rimg.com.tw/g2/6/fb/2a/22034168547114_507.jpg'], 'm_url': ['https://gcs.rimg.com.tw/g2/6/fb/2a/22034168547114_991_m.jpg', 'https://gcs.rimg.com.tw/g2/6/fb/2a/22034168547114_558_m.jpg', 'https://gcs.rimg.com.tw/g2/6/fb/2a/22034168547114_439_m.jpg', 'https://gcs.rimg.com.tw/g2/6/fb/2a/22034168547114_519_m.jpg', 'https://gcs.rimg.com.tw/g2/6/fb/2a/22034168547114_714_m.jpg', 'https://gcs.rimg.com.tw/g2/6/fb/2a/22034168547114_791_m.jpg', 'https://gcs.rimg.com.tw/g2/6/fb/2a/22034168547114_386_m.jpg', 'https://gcs.rimg.com.tw/g2/6/fb/2a/22034168547114_699_m.jpg', 'https://gcs.rimg.com.tw/g2/6/fb/2a/22034168547114_507_m.jpg']}",TWD,620,620,"{'min': 620, 'max': 620, 'ori_min': 620, 'ori_max': 620}",0,0,0,5,0,0,,,,,,True,1597909560,R,"{'SEVEN_COD': 60, 'SEVEN': 60, 'FAMI_COD': 60, 'FAMI': 60, 'HILIFE_COD': 50, 'HILIFE': 50, 'MAPLE': 70, 'TCAT': 90, 'POST': 80, 'ISLAND': 120}",B,A,RUTEN,3669607,f852716,565,"['PAYLINK', 'SEVEN_COD', 'FAMI_COD', 'HILIFE_COD', 'ATM', 'PS', 'F2F']",0,620,414447857,,,,,2024-01-23,False,False,False,False,False,False,1597909561,2145887999,"{'TotalCompletionRate': 0, 'TotalOrderNum': 0, '24hCompletionRate': 0, '24hOrderNum': 0, '3daysCompletionRate': 0, '3daysOrderNum': 0, '7daysCompletionRate': 0, '7daysOrderNum': 0, '14daysCompletionRate': 0, '14daysOrderNum': 0, '21daysCompletionRate': 0, '21daysOrderNum': 0, 'Exceed21daysCompletionRate': 0, 'Exceed21daysOrderNum': 0}",True,
22028842925677,000100020010,開學季~快樂上學趣㊣Disney迪士尼背包TSUM TSUM背包/米奇米妮背包幼兒背包兒童背包男女童背包雙肩背包卡通書包,5,"{'filename': '22028842925677_107.jpg,22028842925677_468.jpg,22028842925677_804.jpg,22028842925677_286.jpg,22028842925677_658.jpg,22028842925677_117.jpg,22028842925677_827.jpg,22028842925677_362.jpg,22028842925677_857.jpg', 'url': ['https://gcs.rimg.com.tw/g1/4/56/6d/22028842925677_107.jpg', 'https://gcs.rimg.com.tw/g1/4/56/6d/22028842925677_468.jpg', 'https://gcs.rimg.com.tw/g1/4/56/6d/22028842925677_804.jpg', 'https://gcs.rimg.com.tw/g1/4/56/6d/22028842925677_286.jpg', 'https://gcs.rimg.com.tw/g1/4/56/6d/22028842925677_658.jpg', 'https://gcs.rimg.com.tw/g1/4/56/6d/22028842925677_117.jpg', 'https://gcs.rimg.com.tw/g1/4/56/6d/22028842925677_827.jpg', 'https://gcs.rimg.com.tw/g1/4/56/6d/22028842925677_362.jpg', 'https://gcs.rimg.com.tw/g1/4/56/6d/22028842925677_857.jpg'], 'm_url': ['https://gcs.rimg.com.tw/g1/4/56/6d/22028842925677_107_m.jpg', 'https://gcs.rimg.com.tw/g1/4/56/6d/22028842925677_468_m.jpg', 'https://gcs.rimg.com.tw/g1/4/56/6d/22028842925677_804_m.jpg', 'https://gcs.rimg.com.tw/g1/4/56/6d/22028842925677_286_m.jpg', 'https://gcs.rimg.com.tw/g1/4/56/6d/22028842925677_658_m.jpg', 'https://gcs.rimg.com.tw/g1/4/56/6d/22028842925677_117_m.jpg', 'https://gcs.rimg.com.tw/g1/4/56/6d/22028842925677_827_m.jpg', 'https://gcs.rimg.com.tw/g1/4/56/6d/22028842925677_362_m.jpg', 'https://gcs.rimg.com.tw/g1/4/56/6d/22028842925677_857_m.jpg']}",TWD,910,910,"{'min': 910, 'max': 910, 'ori_min': 910, 'ori_max': 910}",0,0,0,5,0,0,,,,,,True,1594197462,R,"{'SEVEN_COD': 60, 'SEVEN': 60, 'FAMI_COD': 60, 'FAMI': 60, 'HILIFE_COD': 50, 'HILIFE': 50, 'MAPLE': 70, 'TCAT': 90, 'POST': 80, 'ISLAND': 120}",B,A,RUTEN,3669607,f852716,565,"['PAYLINK', 'SEVEN_COD', 'FAMI_COD', 'HILIFE_COD', 'ATM', 'PS', 'F2F']",0,910,414447857,,,,,2024-01-23,False,False,False,False,False,False,1594197463,2145887999,"{'TotalCompletionRate': 0, 'TotalOrderNum': 0, '24hCompletionRate': 0, '24hOrderNum': 0, '3daysCompletionRate': 0, '3daysOrderNum': 0, '7daysCompletionRate': 0, '7daysOrderNum': 0, '14daysCompletionRate': 0, '14daysOrderNum': 0, '21daysCompletionRate': 0, '21daysOrderNum': 0, 'Exceed21daysCompletionRate': 0, 'Exceed21daysOrderNum': 0}",True,
22028835536116,000100020010,開學季~快樂上學趣㊣凱蒂貓背包/HELLO KITTY書包/兒童書包/女童背包/雙肩背包/卡通書包 /幼稚園 預購款,10,"{'filename': '22028835536116_487.jpg,22028835536116_427.jpg,22028835536116_661.jpg,22028835536116_845.jpg,22028835536116_447.jpg,22028835536116_992.jpg,22028835536116_682.jpg', 'url': ['https://gcs.rimg.com.tw/g2/3/94/f4/22028835536116_487.jpg', 'https://gcs.rimg.com.tw/g2/3/94/f4/22028835536116_427.jpg', 'https://gcs.rimg.com.tw/g2/3/94/f4/22028835536116_661.jpg', 'https://gcs.rimg.com.tw/g2/3/94/f4/22028835536116_845.jpg', 'https://gcs.rimg.com.tw/g2/3/94/f4/22028835536116_447.jpg', 'https://gcs.rimg.com.tw/g2/3/94/f4/22028835536116_992.jpg', 'https://gcs.rimg.com.tw/g2/3/94/f4/22028835536116_682.jpg'], 'm_url': ['https://gcs.rimg.com.tw/g2/3/94/f4/22028835536116_487_m.jpg', 'https://gcs.rimg.com.tw/g2/3/94/f4/22028835536116_427_m.jpg', 'https://gcs.rimg.com.tw/g2/3/94/f4/22028835536116_661_m.jpg', 'https://gcs.rimg.com.tw/g2/3/94/f4/22028835536116_845_m.jpg', 'https://gcs.rimg.com.tw/g2/3/94/f4/22028835536116_447_m.jpg', 'https://gcs.rimg.com.tw/g2/3/94/f4/22028835536116_992_m.jpg', 'https://gcs.rimg.com.tw/g2/3/94/f4/22028835536116_682_m.jpg']}",TWD,910,910,"{'min': 910, 'max': 910, 'ori_min': 910, 'ori_max': 910}",0,0,0,5,0,0,,,,,,True,1594107275,R,"{'SEVEN_COD': 60, 'SEVEN': 60, 'FAMI_COD': 60, 'FAMI': 60, 'HILIFE_COD': 50, 'HILIFE': 50, 'MAPLE': 70, 'TCAT': 90, 'POST': 80, 'ISLAND': 120}",B,A,RUTEN,3669607,f852716,565,"['PAYLINK', 'SEVEN_COD', 'FAMI_COD', 'HILIFE_COD', 'ATM', 'PS', 'F2F']",0,910,414447857,,,,,2024-01-23,False,False,False,False,False,False,1594107275,2145887999,"{'TotalCompletionRate': 0, 'TotalOrderNum': 0, '24hCompletionRate': 0, '24hOrderNum': 0, '3daysCompletionRate': 0, '3daysOrderNum': 0, '7daysCompletionRate': 0, '7daysOrderNum': 0, '14daysCompletionRate': 0, '14daysOrderNum': 0, '21daysCompletionRate': 0, '21daysOrderNum': 0, 'Exceed21daysCompletionRate': 0, 'Exceed21daysOrderNum': 0}",True,
22027801306023,000100020010,快樂開學季㊣Disney迪士尼書包/漫威書包/美國隊長書包/鋼鐵人書包/雙肩背包迪士尼背包蜘蛛人書包適用1-3年級預購款,15,"{'filename': '22027801306023_984.jpg,22027801306023_427.jpg,22027801306023_575.jpg,22027801306023_203.jpg,22027801306023_988.jpg,22027801306023_599.jpg,22027801306023_269.jpg,22027801306023_585.jpg,22027801306023_603.jpg', 'url': ['https://gcs.rimg.com.tw/g1/e/7b/a7/22027801306023_984.jpg', 'https://gcs.rimg.com.tw/g1/e/7b/a7/22027801306023_427.jpg', 'https://gcs.rimg.com.tw/g1/e/7b/a7/22027801306023_575.jpg', 'https://gcs.rimg.com.tw/g1/e/7b/a7/22027801306023_203.jpg', 'https://gcs.rimg.com.tw/g1/e/7b/a7/22027801306023_988.jpg', 'https://gcs.rimg.com.tw/g1/e/7b/a7/22027801306023_599.jpg', 'https://gcs.rimg.com.tw/g1/e/7b/a7/22027801306023_269.jpg', 'https://gcs.rimg.com.tw/g1/e/7b/a7/22027801306023_585.jpg', 'https://gcs.rimg.com.tw/g1/e/7b/a7/22027801306023_603.jpg'], 'm_url': ['https://gcs.rimg.com.tw/g1/e/7b/a7/22027801306023_984_m.jpg', 'https://gcs.rimg.com.tw/g1/e/7b/a7/22027801306023_427_m.jpg', 'https://gcs.rimg.com.tw/g1/e/7b/a7/22027801306023_575_m.jpg', 'https://gcs.rimg.com.tw/g1/e/7b/a7/22027801306023_203_m.jpg', 'https://gcs.rimg.com.tw/g1/e/7b/a7/22027801306023_988_m.jpg', 'https://gcs.rimg.com.tw/g1/e/7b/a7/22027801306023_599_m.jpg', 'https://gcs.rimg.com.tw/g1/e/7b/a7/22027801306023_269_m.jpg', 'https://gcs.rimg.com.tw/g1/e/7b/a7/22027801306023_585_m.jpg', 'https://gcs.rimg.com.tw/g1/e/7b/a7/22027801306023_603_m.jpg']}",TWD,970,970,"{'min': 970, 'max': 970, 'ori_min': 970, 'ori_max': 970}",0,0,0,5,0,0,,,,,,True,1593680215,R,"{'SEVEN_COD': 60, 'SEVEN': 60, 'FAMI_COD': 60, 'FAMI': 60, 'HILIFE_COD': 50, 'HILIFE': 50, 'MAPLE': 70, 'TCAT': 90, 'POST': 80, 'ISLAND': 120}",B,A,RUTEN,3669607,f852716,565,"['PAYLINK', 'SEVEN_COD', 'FAMI_COD', 'HILIFE_COD', 'ATM', 'PS', 'F2F']",0,970,414447857,,,,,2024-01-23,False,False,False,False,False,False,1593680216,2145887999,"{'TotalCompletionRate': 0, 'TotalOrderNum': 0, '24hCompletionRate': 0, '24hOrderNum': 0, '3daysCompletionRate': 0, '3daysOrderNum': 0, '7daysCompletionRate': 0, '7daysOrderNum': 0, '14daysCompletionRate': 0, '14daysOrderNum': 0, '21daysCompletionRate': 0, '21daysOrderNum': 0, 'Exceed21daysCompletionRate': 0, 'Exceed21daysOrderNum': 0}",True,
22027801249748,000100020010,開學季㊣Disney迪士尼書包/兒童書包/冰雪奇緣書包/雙肩背包/卡通書包/艾莎書包/ELSA書包適合1-3年級預購款,14,"{'filename': '22027801249748_439.jpg,22027801249748_507.jpg,22027801249748_706.jpg,22027801249748_299.jpg,22027801249748_323.jpg,22027801249748_485.jpg,22027801249748_749.jpg,22027801249748_510.jpg,22027801249748_692.jpg', 'url': ['https://gcs.rimg.com.tw/g2/d/9f/d4/22027801249748_439.jpg', 'https://gcs.rimg.com.tw/g2/d/9f/d4/22027801249748_507.jpg', 'https://gcs.rimg.com.tw/g2/d/9f/d4/22027801249748_706.jpg', 'https://gcs.rimg.com.tw/g2/d/9f/d4/22027801249748_299.jpg', 'https://gcs.rimg.com.tw/g2/d/9f/d4/22027801249748_323.jpg', 'https://gcs.rimg.com.tw/g2/d/9f/d4/22027801249748_485.jpg', 'https://gcs.rimg.com.tw/g2/d/9f/d4/22027801249748_749.jpg', 'https://gcs.rimg.com.tw/g2/d/9f/d4/22027801249748_510.jpg', 'https://gcs.rimg.com.tw/g2/d/9f/d4/22027801249748_692.jpg'], 'm_url': ['https://gcs.rimg.com.tw/g2/d/9f/d4/22027801249748_439_m.jpg', 'https://gcs.rimg.com.tw/g2/d/9f/d4/22027801249748_507_m.jpg', 'https://gcs.rimg.com.tw/g2/d/9f/d4/22027801249748_706_m.jpg', 'https://gcs.rimg.com.tw/g2/d/9f/d4/22027801249748_299_m.jpg', 'https://gcs.rimg.com.tw/g2/d/9f/d4/22027801249748_323_m.jpg', 'https://gcs.rimg.com.tw/g2/d/9f/d4/22027801249748_485_m.jpg', 'https://gcs.rimg.com.tw/g2/d/9f/d4/22027801249748_749_m.jpg', 'https://gcs.rimg.com.tw/g2/d/9f/d4/22027801249748_510_m.jpg', 'https://gcs.rimg.com.tw/g2/d/9f/d4/22027801249748_692_m.jpg']}",TWD,1040,1040,"{'min': 1040, 'max': 1040, 'ori_min': 1040, 'ori_max': 1040}",0,1,0,5,0,0,,,,,,True,1593679745,R,"{'SEVEN_COD': 60, 'SEVEN': 60, 'FAMI_COD': 60, 'FAMI': 60, 'HILIFE_COD': 50, 'HILIFE': 50, 'MAPLE': 70, 'TCAT': 90, 'POST': 80, 'ISLAND': 120}",B,A,RUTEN,3669607,f852716,565,"['PAYLINK', 'SEVEN_COD', 'FAMI_COD', 'HILIFE_COD', 'ATM', 'PS', 'F2F']",0,1040,414447857,,,,,2024-01-23,False,False,False,False,False,False,1593679745,2145887999,"{'TotalCompletionRate': 0, 'TotalOrderNum': 0, '24hCompletionRate': 0, '24hOrderNum': 0, '3daysCompletionRate': 0, '3daysOrderNum': 0, '7daysCompletionRate': 0, '7daysOrderNum': 0, '14daysCompletionRate': 0, '14daysOrderNum': 0, '21daysCompletionRate': 0, '21daysOrderNum': 0, 'Exceed21daysCompletionRate': 0, 'Exceed21daysOrderNum': 0}",True,
22027801215606,000100020010,開學季~快樂上學趣㊣凱蒂貓背包/HELLO KITTY書包/兒童書包/女童背包/雙肩背包/卡通書包 /1-3年級 預購款,25,"{'filename': '22027801215606_217.jpg,22027801215606_459.jpg,22027801215606_482.jpg,22027801215606_894.jpg,22027801215606_466.jpg,22027801215606_662.jpg,22027801215606_119.jpg,22027801215606_229.jpg,22027801215606_822.jpg', 'url': ['https://gcs.rimg.com.tw/g2/d/1a/76/22027801215606_217.jpg', 'https://gcs.rimg.com.tw/g2/d/1a/76/22027801215606_459.jpg', 'https://gcs.rimg.com.tw/g2/d/1a/76/22027801215606_482.jpg', 'https://gcs.rimg.com.tw/g2/d/1a/76/22027801215606_894.jpg', 'https://gcs.rimg.com.tw/g2/d/1a/76/22027801215606_466.jpg', 'https://gcs.rimg.com.tw/g2/d/1a/76/22027801215606_662.jpg', 'https://gcs.rimg.com.tw/g2/d/1a/76/22027801215606_119.jpg', 'https://gcs.rimg.com.tw/g2/d/1a/76/22027801215606_229.jpg', 'https://gcs.rimg.com.tw/g2/d/1a/76/22027801215606_822.jpg'], 'm_url': ['https://gcs.rimg.com.tw/g2/d/1a/76/22027801215606_217_m.jpg', 'https://gcs.rimg.com.tw/g2/d/1a/76/22027801215606_459_m.jpg', 'https://gcs.rimg.com.tw/g2/d/1a/76/22027801215606_482_m.jpg', 'https://gcs.rimg.com.tw/g2/d/1a/76/22027801215606_894_m.jpg', 'https://gcs.rimg.com.tw/g2/d/1a/76/22027801215606_466_m.jpg', 'https://gcs.rimg.com.tw/g2/d/1a/76/22027801215606_662_m.jpg', 'https://gcs.rimg.com.tw/g2/d/1a/76/22027801215606_119_m.jpg', 'https://gcs.rimg.com.tw/g2/d/1a/76/22027801215606_229_m.jpg', 'https://gcs.rimg.com.tw/g2/d/1a/76/22027801215606_822_m.jpg']}",TWD,1040,1040,"{'min': 1040, 'max': 1040, 'ori_min': 1040, 'ori_max': 1040}",0,0,0,5,0,0,,,,,,True,1593679509,R,"{'SEVEN_COD': 60, 'SEVEN': 60, 'FAMI_COD': 60, 'FAMI': 60, 'HILIFE_COD': 50, 'HILIFE': 50, 'MAPLE': 70, 'TCAT': 90, 'POST': 80, 'ISLAND': 120}",B,A,RUTEN,3669607,f852716,565,"['PAYLINK', 'SEVEN_COD', 'FAMI_COD', 'HILIFE_COD', 'ATM', 'PS', 'F2F']",0,1040,414447857,,,,,2024-01-23,False,False,False,False,False,False,1593679509,2145887999,"{'TotalCompletionRate': 0, 'TotalOrderNum': 0, '24hCompletionRate': 0, '24hOrderNum': 0, '3daysCompletionRate': 0, '3daysOrderNum': 0, '7daysCompletionRate': 0, '7daysOrderNum': 0, '14daysCompletionRate': 0, '14daysOrderNum': 0, '21daysCompletionRate': 0, '21daysOrderNum': 0, 'Exceed21daysCompletionRate': 0, 'Exceed21daysOrderNum': 0}",True,
22025721433382,000100020010,開學季㊣Disney迪士尼書包/兒童書包/冰雪奇緣書包/雙肩背包/卡通書包/艾莎書包/ELSA書包適合1-4年級預購款,10,"{'filename': '22025721433382_642.jpg,22025721433382_276.jpg,22025721433382_714.jpg,22025721433382_365.jpg,22025721433382_395.jpg,22025721433382_408.jpg,22025721433382_428.jpg,22025721433382_786.jpg,22025721433382_703.jpg', 'url': ['https://gcs.rimg.com.tw/g2/6/25/26/22025721433382_642.jpg', 'https://gcs.rimg.com.tw/g2/6/25/26/22025721433382_276.jpg', 'https://gcs.rimg.com.tw/g2/6/25/26/22025721433382_714.jpg', 'https://gcs.rimg.com.tw/g2/6/25/26/22025721433382_365.jpg', 'https://gcs.rimg.com.tw/g2/6/25/26/22025721433382_395.jpg', 'https://gcs.rimg.com.tw/g2/6/25/26/22025721433382_408.jpg', 'https://gcs.rimg.com.tw/g2/6/25/26/22025721433382_428.jpg', 'https://gcs.rimg.com.tw/g2/6/25/26/22025721433382_786.jpg', 'https://gcs.rimg.com.tw/g2/6/25/26/22025721433382_703.jpg'], 'm_url': ['https://gcs.rimg.com.tw/g2/6/25/26/22025721433382_642_m.jpg', 'https://gcs.rimg.com.tw/g2/6/25/26/22025721433382_276_m.jpg', 'https://gcs.rimg.com.tw/g2/6/25/26/22025721433382_714_m.jpg', 'https://gcs.rimg.com.tw/g2/6/25/26/22025721433382_365_m.jpg', 'https://gcs.rimg.com.tw/g2/6/25/26/22025721433382_395_m.jpg', 'https://gcs.rimg.com.tw/g2/6/25/26/22025721433382_408_m.jpg', 'https://gcs.rimg.com.tw/g2/6/25/26/22025721433382_428_m.jpg', 'https://gcs.rimg.com.tw/g2/6/25/26/22025721433382_786_m.jpg', 'https://gcs.rimg.com.tw/g2/6/25/26/22025721433382_703_m.jpg']}",TWD,920,920,"{'min': 920, 'max': 920, 'ori_min': 920, 'ori_max': 920}",0,0,0,5,0,0,,,,,,True,1592553512,R,"{'SEVEN_COD': 60, 'SEVEN': 60, 'FAMI_COD': 60, 'FAMI': 60, 'HILIFE_COD': 50, 'HILIFE': 50, 'MAPLE': 70, 'TCAT': 90, 'POST': 80, 'ISLAND': 120}",B,A,RUTEN,3669607,f852716,565,"['PAYLINK', 'SEVEN_COD', 'FAMI_COD', 'HILIFE_COD', 'ATM', 'PS', 'F2F']",0,920,414447857,,,,,2024-01-23,False,False,False,False,False,False,1592553513,2145887999,"{'TotalCompletionRate': 0, 'TotalOrderNum': 0, '24hCompletionRate': 0, '24hOrderNum': 0, '3daysCompletionRate': 0, '3daysOrderNum': 0, '7daysCompletionRate': 0, '7daysOrderNum': 0, '14daysCompletionRate': 0, '14daysOrderNum': 0, '21daysCompletionRate': 0, '21daysOrderNum': 0, 'Exceed21daysCompletionRate': 0, 'Exceed21daysOrderNum': 0}",True,
22023654702160,000100020010,開學季~快樂上學趣㊣凱蒂貓背包/HELLO KITTY書包/兒童書包/女童背包/雙肩背包/卡通書包/1-4年級 預購款,10,"{'filename': '22023654702160_711.jpg,22023654702160_846.jpg,22023654702160_378.jpg,22023654702160_198.jpg,22023654702160_351.jpg,22023654702160_611.jpg,22023654702160_668.jpg,22023654702160_743.jpg,22023654702160_828.jpg', 'url': ['https://gcs.rimg.com.tw/g2/6/54/50/22023654702160_711.jpg', 'https://gcs.rimg.com.tw/g2/6/54/50/22023654702160_846.jpg', 'https://gcs.rimg.com.tw/g2/6/54/50/22023654702160_378.jpg', 'https://gcs.rimg.com.tw/g2/6/54/50/22023654702160_198.jpg', 'https://gcs.rimg.com.tw/g2/6/54/50/22023654702160_351.jpg', 'https://gcs.rimg.com.tw/g2/6/54/50/22023654702160_611.jpg', 'https://gcs.rimg.com.tw/g2/6/54/50/22023654702160_668.jpg', 'https://gcs.rimg.com.tw/g2/6/54/50/22023654702160_743.jpg', 'https://gcs.rimg.com.tw/g2/6/54/50/22023654702160_828.jpg'], 'm_url': ['https://gcs.rimg.com.tw/g2/6/54/50/22023654702160_711_m.jpg', 'https://gcs.rimg.com.tw/g2/6/54/50/22023654702160_846_m.jpg', 'https://gcs.rimg.com.tw/g2/6/54/50/22023654702160_378_m.jpg', 'https://gcs.rimg.com.tw/g2/6/54/50/22023654702160_198_m.jpg', 'https://gcs.rimg.com.tw/g2/6/54/50/22023654702160_351_m.jpg', 'https://gcs.rimg.com.tw/g2/6/54/50/22023654702160_611_m.jpg', 'https://gcs.rimg.com.tw/g2/6/54/50/22023654702160_668_m.jpg', 'https://gcs.rimg.com.tw/g2/6/54/50/22023654702160_743_m.jpg', 'https://gcs.rimg.com.tw/g2/6/54/50/22023654702160_828_m.jpg']}",TWD,880,880,"{'min': 880, 'max': 880, 'ori_min': 880, 'ori_max': 880}",0,0,0,5,0,0,,,,,,True,1591455872,R,"{'SEVEN_COD': 60, 'SEVEN': 60, 'FAMI_COD': 60, 'FAMI': 60, 'HILIFE_COD': 50, 'HILIFE': 50, 'MAPLE': 70, 'TCAT': 90, 'POST': 80, 'ISLAND': 120}",B,A,RUTEN,3669607,f852716,565,"['PAYLINK', 'SEVEN_COD', 'FAMI_COD', 'HILIFE_COD', 'ATM', 'PS', 'F2F']",0,880,414447857,,,,,2024-01-23,False,False,False,False,False,False,1591455872,2145887999,"{'TotalCompletionRate': 0, 'TotalOrderNum': 0, '24hCompletionRate': 0, '24hOrderNum': 0, '3daysCompletionRate': 0, '3daysOrderNum': 0, '7daysCompletionRate': 0, '7daysOrderNum': 0, '14daysCompletionRate': 0, '14daysOrderNum': 0, '21daysCompletionRate': 0, '21daysOrderNum': 0, 'Exceed21daysCompletionRate': 0, 'Exceed21daysOrderNum': 0}",True,
22023654689232,000100030001,最新款冰雪奇緣2書包/㊣Disney迪士尼書包/冰雪奇緣背包/兒童書包/艾莎書包/3D立體/雙肩書包~適合幼稚園~2年級,10,"{'filename': '22023654689232_430.jpg,22023654689232_946.jpg,22023654689232_172.jpg,22023654689232_176.jpg,22023654689232_202.jpg,22023654689232_782.jpg,22023654689232_622.jpg', 'url': ['https://gcs.rimg.com.tw/g2/6/21/d0/22023654689232_430.jpg', 'https://gcs.rimg.com.tw/g2/6/21/d0/22023654689232_946.jpg', 'https://gcs.rimg.com.tw/g2/6/21/d0/22023654689232_172.jpg', 'https://gcs.rimg.com.tw/g2/6/21/d0/22023654689232_176.jpg', 'https://gcs.rimg.com.tw/g2/6/21/d0/22023654689232_202.jpg', 'https://gcs.rimg.com.tw/g2/6/21/d0/22023654689232_782.jpg', 'https://gcs.rimg.com.tw/g2/6/21/d0/22023654689232_622.jpg'], 'm_url': ['https://gcs.rimg.com.tw/g2/6/21/d0/22023654689232_430_m.jpg', 'https://gcs.rimg.com.tw/g2/6/21/d0/22023654689232_946_m.jpg', 'https://gcs.rimg.com.tw/g2/6/21/d0/22023654689232_172_m.jpg', 'https://gcs.rimg.com.tw/g2/6/21/d0/22023654689232_176_m.jpg', 'https://gcs.rimg.com.tw/g2/6/21/d0/22023654689232_202_m.jpg', 'https://gcs.rimg.com.tw/g2/6/21/d0/22023654689232_782_m.jpg', 'https://gcs.rimg.com.tw/g2/6/21/d0/22023654689232_622_m.jpg']}",TWD,720,720,"{'min': 720, 'max': 720, 'ori_min': 720, 'ori_max': 720}",0,0,0,5,0,0,,,,,,True,1591455548,R,"{'SEVEN_COD': 60, 'SEVEN': 60, 'FAMI_COD': 60, 'FAMI': 60, 'HILIFE_COD': 50, 'HILIFE': 50, 'MAPLE': 70, 'TCAT': 90, 'POST': 80, 'ISLAND': 120}",B,A,RUTEN,3669607,f852716,565,"['PAYLINK', 'SEVEN_COD', 'FAMI_COD', 'HILIFE_COD', 'ATM', 'PS', 'F2F']",0,720,414447857,,,,,2024-01-23,False,False,False,False,False,False,1591455549,2145887999,"{'TotalCompletionRate': 0, 'TotalOrderNum': 0, '24hCompletionRate': 0, '24hOrderNum': 0, '3daysCompletionRate': 0, '3daysOrderNum': 0, '7daysCompletionRate': 0, '7daysOrderNum': 0, '14daysCompletionRate': 0, '14daysOrderNum': 0, '21daysCompletionRate': 0, '21daysOrderNum': 0, 'Exceed21daysCompletionRate': 0, 'Exceed21daysOrderNum': 0}",True,
22023654673279,000100030001,快樂開學季㊣Disney迪士尼書包/漫威書包/美國隊長書包/鋼鐵人書包/雙肩背包迪士尼背包蜘蛛人書包適用1-4年級預購款,15,"{'filename': '22023654673279_219.jpg,22023654673279_132.jpg,22023654673279_269.jpg,22023654673279_272.jpg,22023654673279_932.jpg,22023654673279_831.jpg,22023654673279_159.jpg,22023654673279_948.jpg,22023654673279_734.jpg', 'url': ['https://gcs.rimg.com.tw/g1/5/e3/7f/22023654673279_219.jpg', 'https://gcs.rimg.com.tw/g1/5/e3/7f/22023654673279_132.jpg', 'https://gcs.rimg.com.tw/g1/5/e3/7f/22023654673279_269.jpg', 'https://gcs.rimg.com.tw/g1/5/e3/7f/22023654673279_272.jpg', 'https://gcs.rimg.com.tw/g1/5/e3/7f/22023654673279_932.jpg', 'https://gcs.rimg.com.tw/g1/5/e3/7f/22023654673279_831.jpg', 'https://gcs.rimg.com.tw/g1/5/e3/7f/22023654673279_159.jpg', 'https://gcs.rimg.com.tw/g1/5/e3/7f/22023654673279_948.jpg', 'https://gcs.rimg.com.tw/g1/5/e3/7f/22023654673279_734.jpg'], 'm_url': ['https://gcs.rimg.com.tw/g1/5/e3/7f/22023654673279_219_m.jpg', 'https://gcs.rimg.com.tw/g1/5/e3/7f/22023654673279_132_m.jpg', 'https://gcs.rimg.com.tw/g1/5/e3/7f/22023654673279_269_m.jpg', 'https://gcs.rimg.com.tw/g1/5/e3/7f/22023654673279_272_m.jpg', 'https://gcs.rimg.com.tw/g1/5/e3/7f/22023654673279_932_m.jpg', 'https://gcs.rimg.com.tw/g1/5/e3/7f/22023654673279_831_m.jpg', 'https://gcs.rimg.com.tw/g1/5/e3/7f/22023654673279_159_m.jpg', 'https://gcs.rimg.com.tw/g1/5/e3/7f/22023654673279_948_m.jpg', 'https://gcs.rimg.com.tw/g1/5/e3/7f/22023654673279_734_m.jpg']}",TWD,1110,1110,"{'min': 1110, 'max': 1110, 'ori_min': 1110, 'ori_max': 1110}",0,0,0,5,0,0,,,,,,True,1591455171,R,"{'SEVEN_COD': 60, 'SEVEN': 60, 'FAMI_COD': 60, 'FAMI': 60, 'HILIFE_COD': 50, 'HILIFE': 50, 'MAPLE': 70, 'TCAT': 90, 'POST': 80, 'ISLAND': 120}",B,A,RUTEN,3669607,f852716,565,"['PAYLINK', 'SEVEN_COD', 'FAMI_COD', 'HILIFE_COD', 'ATM', 'PS', 'F2F']",0,1110,414447857,,,,,2024-09-12,False,False,False,False,False,False,1591455172,2145887999,"{'TotalCompletionRate': 0, 'TotalOrderNum': 0, '24hCompletionRate': 0, '24hOrderNum': 0, '3daysCompletionRate': 0, '3daysOrderNum': 0, '7daysCompletionRate': 0, '7daysOrderNum': 0, '14daysCompletionRate': 0, '14daysOrderNum': 0, '21daysCompletionRate': 0, '21daysOrderNum': 0, 'Exceed21daysCompletionRate': 0, 'Exceed21daysOrderNum': 0}",True,
22023651673153,000100020010,開學季㊣Disney迪士尼書包/兒童書包/冰雪奇緣2書包/雙肩背包/卡通書包/艾莎書包/ELSA書包適合1-3年級預購款,15,"{'filename': '22023651673153_357.jpg,22023651673153_475.jpg,22023651673153_876.jpg,22023651673153_858.jpg,22023651673153_312.jpg,22023651673153_891.jpg,22023651673153_838.jpg,22023651673153_971.jpg,22023651673153_170.jpg', 'url': ['https://gcs.rimg.com.tw/g1/8/1c/41/22023651673153_357.jpg', 'https://gcs.rimg.com.tw/g1/8/1c/41/22023651673153_475.jpg', 'https://gcs.rimg.com.tw/g1/8/1c/41/22023651673153_876.jpg', 'https://gcs.rimg.com.tw/g1/8/1c/41/22023651673153_858.jpg', 'https://gcs.rimg.com.tw/g1/8/1c/41/22023651673153_312.jpg', 'https://gcs.rimg.com.tw/g1/8/1c/41/22023651673153_891.jpg', 'https://gcs.rimg.com.tw/g1/8/1c/41/22023651673153_838.jpg', 'https://gcs.rimg.com.tw/g1/8/1c/41/22023651673153_971.jpg', 'https://gcs.rimg.com.tw/g1/8/1c/41/22023651673153_170.jpg'], 'm_url': ['https://gcs.rimg.com.tw/g1/8/1c/41/22023651673153_357_m.jpg', 'https://gcs.rimg.com.tw/g1/8/1c/41/22023651673153_475_m.jpg', 'https://gcs.rimg.com.tw/g1/8/1c/41/22023651673153_876_m.jpg', 'https://gcs.rimg.com.tw/g1/8/1c/41/22023651673153_858_m.jpg', 'https://gcs.rimg.com.tw/g1/8/1c/41/22023651673153_312_m.jpg', 'https://gcs.rimg.com.tw/g1/8/1c/41/22023651673153_891_m.jpg', 'https://gcs.rimg.com.tw/g1/8/1c/41/22023651673153_838_m.jpg', 'https://gcs.rimg.com.tw/g1/8/1c/41/22023651673153_971_m.jpg', 'https://gcs.rimg.com.tw/g1/8/1c/41/22023651673153_170_m.jpg']}",TWD,1180,1180,"{'min': 1180, 'max': 1180, 'ori_min': 1180, 'ori_max': 1180}",0,0,0,5,0,0,,,,,,True,1591404076,R,"{'SEVEN_COD': 60, 'SEVEN': 60, 'FAMI_COD': 60, 'FAMI': 60, 'HILIFE_COD': 50, 'HILIFE': 50, 'MAPLE': 70, 'TCAT': 90, 'POST': 80, 'ISLAND': 120}",B,A,RUTEN,3669607,f852716,565,"['PAYLINK', 'SEVEN_COD', 'FAMI_COD', 'HILIFE_COD', 'ATM', 'PS', 'F2F']",0,1180,414447857,,,,,2024-01-23,False,False,False,False,False,False,1591404076,2145887999,"{'TotalCompletionRate': 0, 'TotalOrderNum': 0, '24hCompletionRate': 0, '24hOrderNum': 0, '3daysCompletionRate': 0, '3daysOrderNum': 0, '7daysCompletionRate': 0, '7daysOrderNum': 0, '14daysCompletionRate': 0, '14daysOrderNum': 0, '21daysCompletionRate': 0, '21daysOrderNum': 0, 'Exceed21daysCompletionRate': 0, 'Exceed21daysOrderNum': 0}",True,
22021590296817,000100020010,開學季~快樂上學趣㊣凱蒂貓背包/HELLO KITTY書包/兒童書包/女童背包/雙肩背包/卡通書包 /3-6年級 預購款,10,"{'filename': '22021590296817_277.jpg,22021590296817_347.jpg,22021590296817_565.jpg,22021590296817_959.jpg,22021590296817_240.jpg,22021590296817_600.jpg,22021590296817_743.jpg,22021590296817_473.jpg,22021590296817_759.jpg', 'url': ['https://gcs.rimg.com.tw/g1/a/00/f1/22021590296817_277.jpg', 'https://gcs.rimg.com.tw/g1/a/00/f1/22021590296817_347.jpg', 'https://gcs.rimg.com.tw/g1/a/00/f1/22021590296817_565.jpg', 'https://gcs.rimg.com.tw/g1/a/00/f1/22021590296817_959.jpg', 'https://gcs.rimg.com.tw/g1/a/00/f1/22021590296817_240.jpg', 'https://gcs.rimg.com.tw/g1/a/00/f1/22021590296817_600.jpg', 'https://gcs.rimg.com.tw/g1/a/00/f1/22021590296817_743.jpg', 'https://gcs.rimg.com.tw/g1/a/00/f1/22021590296817_473.jpg', 'https://gcs.rimg.com.tw/g1/a/00/f1/22021590296817_759.jpg'], 'm_url': ['https://gcs.rimg.com.tw/g1/a/00/f1/22021590296817_277_m.jpg', 'https://gcs.rimg.com.tw/g1/a/00/f1/22021590296817_347_m.jpg', 'https://gcs.rimg.com.tw/g1/a/00/f1/22021590296817_565_m.jpg', 'https://gcs.rimg.com.tw/g1/a/00/f1/22021590296817_959_m.jpg', 'https://gcs.rimg.com.tw/g1/a/00/f1/22021590296817_240_m.jpg', 'https://gcs.rimg.com.tw/g1/a/00/f1/22021590296817_600_m.jpg', 'https://gcs.rimg.com.tw/g1/a/00/f1/22021590296817_743_m.jpg', 'https://gcs.rimg.com.tw/g1/a/00/f1/22021590296817_473_m.jpg', 'https://gcs.rimg.com.tw/g1/a/00/f1/22021590296817_759_m.jpg']}",TWD,810,810,"{'min': 810, 'max': 810, 'ori_min': 810, 'ori_max': 810}",0,0,0,5,0,0,,,,,,True,1590073684,R,"{'SEVEN_COD': 60, 'SEVEN': 60, 'FAMI_COD': 60, 'FAMI': 60, 'HILIFE_COD': 50, 'HILIFE': 50, 'MAPLE': 70, 'TCAT': 90, 'POST': 80, 'ISLAND': 120}",B,A,RUTEN,3669607,f852716,565,"['PAYLINK', 'SEVEN_COD', 'FAMI_COD', 'HILIFE_COD', 'ATM', 'PS', 'F2F']",0,810,414447857,,,,,2024-02-20,False,False,False,False,False,False,1590073684,2145887999,"{'TotalCompletionRate': 0, 'TotalOrderNum': 0, '24hCompletionRate': 0, '24hOrderNum': 0, '3daysCompletionRate': 0, '3daysOrderNum': 0, '7daysCompletionRate': 0, '7daysOrderNum': 0, '14daysCompletionRate': 0, '14daysOrderNum': 0, '21daysCompletionRate': 0, '21daysOrderNum': 0, 'Exceed21daysCompletionRate': 0, 'Exceed21daysOrderNum': 0}",True,
22020565595674,000100020010,開學季~快樂上學趣㊣Disney迪士尼書包/麥坤背包/兒童書包/男女童背包/雙肩背包/麥坤書包 適合1-6年級預購款,30,"{'filename': '22020565595674_110.jpg,22020565595674_457.jpg,22020565595674_610.jpg,22020565595674_636.jpg,22020565595674_576.jpg,22020565595674_662.jpg,22020565595674_407.jpg,22020565595674_597.jpg,22020565595674_741.jpg', 'url': ['https://gcs.rimg.com.tw/g2/6/4e/1a/22020565595674_110.jpg', 'https://gcs.rimg.com.tw/g2/6/4e/1a/22020565595674_457.jpg', 'https://gcs.rimg.com.tw/g2/6/4e/1a/22020565595674_610.jpg', 'https://gcs.rimg.com.tw/g2/6/4e/1a/22020565595674_636.jpg', 'https://gcs.rimg.com.tw/g2/6/4e/1a/22020565595674_576.jpg', 'https://gcs.rimg.com.tw/g2/6/4e/1a/22020565595674_662.jpg', 'https://gcs.rimg.com.tw/g2/6/4e/1a/22020565595674_407.jpg', 'https://gcs.rimg.com.tw/g2/6/4e/1a/22020565595674_597.jpg', 'https://gcs.rimg.com.tw/g2/6/4e/1a/22020565595674_741.jpg'], 'm_url': ['https://gcs.rimg.com.tw/g2/6/4e/1a/22020565595674_110_m.jpg', 'https://gcs.rimg.com.tw/g2/6/4e/1a/22020565595674_457_m.jpg', 'https://gcs.rimg.com.tw/g2/6/4e/1a/22020565595674_610_m.jpg', 'https://gcs.rimg.com.tw/g2/6/4e/1a/22020565595674_636_m.jpg', 'https://gcs.rimg.com.tw/g2/6/4e/1a/22020565595674_576_m.jpg', 'https://gcs.rimg.com.tw/g2/6/4e/1a/22020565595674_662_m.jpg', 'https://gcs.rimg.com.tw/g2/6/4e/1a/22020565595674_407_m.jpg', 'https://gcs.rimg.com.tw/g2/6/4e/1a/22020565595674_597_m.jpg', 'https://gcs.rimg.com.tw/g2/6/4e/1a/22020565595674_741_m.jpg']}",TWD,599,599,"{'min': 599, 'max': 599, 'ori_min': 599, 'ori_max': 599}",0,0,0,5,0,0,,,,,,True,1589464869,R,"{'SEVEN_COD': 60, 'SEVEN': 60, 'FAMI_COD': 60, 'FAMI': 60, 'HILIFE_COD': 50, 'HILIFE': 50, 'MAPLE': 70, 'TCAT': 90, 'POST': 80, 'ISLAND': 120}",B,A,RUTEN,3669607,f852716,565,"['PAYLINK', 'SEVEN_COD', 'FAMI_COD', 'HILIFE_COD', 'ATM', 'PS', 'F2F']",0,599,414447857,,,,,2024-03-16,False,False,False,False,False,False,1589464869,2145887999,"{'TotalCompletionRate': 0, 'TotalOrderNum': 0, '24hCompletionRate': 0, '24hOrderNum': 0, '3daysCompletionRate': 0, '3daysOrderNum': 0, '7daysCompletionRate': 0, '7daysOrderNum': 0, '14daysCompletionRate': 0, '14daysOrderNum': 0, '21daysCompletionRate': 0, '21daysOrderNum': 0, 'Exceed21daysCompletionRate': 0, 'Exceed21daysOrderNum': 0}",True,
22020565572567,000100020010,開學季㊣Disney迪士尼書包/兒童書包/冰雪奇緣書包/雙肩背包/艾莎書包/冰雪奇緣背包/兒童背包~適合1-3年級預購款,19,"{'filename': '22020565572567_426.jpg,22020565572567_339.jpg,22020565572567_666.jpg,22020565572567_658.jpg,22020565572567_730.jpg,22020565572567_379.jpg,22020565572567_377.jpg,22020565572567_126.jpg,22020565572567_194.jpg', 'url': ['https://gcs.rimg.com.tw/g1/5/f3/d7/22020565572567_426.jpg', 'https://gcs.rimg.com.tw/g1/5/f3/d7/22020565572567_339.jpg', 'https://gcs.rimg.com.tw/g1/5/f3/d7/22020565572567_666.jpg', 'https://gcs.rimg.com.tw/g1/5/f3/d7/22020565572567_658.jpg', 'https://gcs.rimg.com.tw/g1/5/f3/d7/22020565572567_730.jpg', 'https://gcs.rimg.com.tw/g1/5/f3/d7/22020565572567_379.jpg', 'https://gcs.rimg.com.tw/g1/5/f3/d7/22020565572567_377.jpg', 'https://gcs.rimg.com.tw/g1/5/f3/d7/22020565572567_126.jpg', 'https://gcs.rimg.com.tw/g1/5/f3/d7/22020565572567_194.jpg'], 'm_url': ['https://gcs.rimg.com.tw/g1/5/f3/d7/22020565572567_426_m.jpg', 'https://gcs.rimg.com.tw/g1/5/f3/d7/22020565572567_339_m.jpg', 'https://gcs.rimg.com.tw/g1/5/f3/d7/22020565572567_666_m.jpg', 'https://gcs.rimg.com.tw/g1/5/f3/d7/22020565572567_658_m.jpg', 'https://gcs.rimg.com.tw/g1/5/f3/d7/22020565572567_730_m.jpg', 'https://gcs.rimg.com.tw/g1/5/f3/d7/22020565572567_379_m.jpg', 'https://gcs.rimg.com.tw/g1/5/f3/d7/22020565572567_377_m.jpg', 'https://gcs.rimg.com.tw/g1/5/f3/d7/22020565572567_126_m.jpg', 'https://gcs.rimg.com.tw/g1/5/f3/d7/22020565572567_194_m.jpg']}",TWD,720,720,"{'min': 720, 'max': 720, 'ori_min': 720, 'ori_max': 720}",0,1,0,5,0,0,,,,,,True,1589464321,R,"{'SEVEN_COD': 60, 'SEVEN': 60, 'FAMI_COD': 60, 'FAMI': 60, 'HILIFE_COD': 50, 'HILIFE': 50, 'MAPLE': 70, 'TCAT': 90, 'POST': 80, 'ISLAND': 120}",B,A,RUTEN,3669607,f852716,565,"['PAYLINK', 'SEVEN_COD', 'FAMI_COD', 'HILIFE_COD', 'ATM', 'PS', 'F2F']",0,720,414447857,,,,,2024-01-23,False,False,False,False,False,False,1589464322,2145887999,"{'TotalCompletionRate': 0, 'TotalOrderNum': 0, '24hCompletionRate': 0, '24hOrderNum': 0, '3daysCompletionRate': 0, '3daysOrderNum': 0, '7daysCompletionRate': 0, '7daysOrderNum': 0, '14daysCompletionRate': 0, '14daysOrderNum': 0, '21daysCompletionRate': 0, '21daysOrderNum': 0, 'Exceed21daysCompletionRate': 0, 'Exceed21daysOrderNum': 0}",True,
22019546680856,000100020010,開學季~快樂上學趣㊣凱蒂貓背包/HELLO KITTY書包/兒童書包/女童背包/雙肩背包/卡通書包 /2-5年級 預購款,10,"{'filename': '22019546680856_312.jpg,22019546680856_795.jpg,22019546680856_712.jpg,22019546680856_645.jpg,22019546680856_621.jpg,22019546680856_307.jpg,22019546680856_384.jpg,22019546680856_416.jpg,22019546680856_705.jpg', 'url': ['https://gcs.rimg.com.tw/g2/6/ca/18/22019546680856_312.jpg', 'https://gcs.rimg.com.tw/g2/6/ca/18/22019546680856_795.jpg', 'https://gcs.rimg.com.tw/g2/6/ca/18/22019546680856_712.jpg', 'https://gcs.rimg.com.tw/g2/6/ca/18/22019546680856_645.jpg', 'https://gcs.rimg.com.tw/g2/6/ca/18/22019546680856_621.jpg', 'https://gcs.rimg.com.tw/g2/6/ca/18/22019546680856_307.jpg', 'https://gcs.rimg.com.tw/g2/6/ca/18/22019546680856_384.jpg', 'https://gcs.rimg.com.tw/g2/6/ca/18/22019546680856_416.jpg', 'https://gcs.rimg.com.tw/g2/6/ca/18/22019546680856_705.jpg'], 'm_url': ['https://gcs.rimg.com.tw/g2/6/ca/18/22019546680856_312_m.jpg', 'https://gcs.rimg.com.tw/g2/6/ca/18/22019546680856_795_m.jpg', 'https://gcs.rimg.com.tw/g2/6/ca/18/22019546680856_712_m.jpg', 'https://gcs.rimg.com.tw/g2/6/ca/18/22019546680856_645_m.jpg', 'https://gcs.rimg.com.tw/g2/6/ca/18/22019546680856_621_m.jpg', 'https://gcs.rimg.com.tw/g2/6/ca/18/22019546680856_307_m.jpg', 'https://gcs.rimg.com.tw/g2/6/ca/18/22019546680856_384_m.jpg', 'https://gcs.rimg.com.tw/g2/6/ca/18/22019546680856_416_m.jpg', 'https://gcs.rimg.com.tw/g2/6/ca/18/22019546680856_705_m.jpg']}",TWD,1020,1020,"{'min': 1020, 'max': 1020, 'ori_min': 1020, 'ori_max': 1020}",0,0,0,5,0,0,,,,,,True,1589038259,R,"{'SEVEN_COD': 60, 'SEVEN': 60, 'FAMI_COD': 60, 'FAMI': 60, 'HILIFE_COD': 50, 'HILIFE': 50, 'MAPLE': 70, 'TCAT': 90, 'POST': 80, 'ISLAND': 120}",B,A,RUTEN,3669607,f852716,565,"['PAYLINK', 'SEVEN_COD', 'FAMI_COD', 'HILIFE_COD', 'ATM', 'PS', 'F2F']",0,1020,414447857,,,,,2024-01-23,False,False,False,False,False,False,1589038260,2145887999,"{'TotalCompletionRate': 0, 'TotalOrderNum': 0, '24hCompletionRate': 0, '24hOrderNum': 0, '3daysCompletionRate': 0, '3daysOrderNum': 0, '7daysCompletionRate': 0, '7daysOrderNum': 0, '14daysCompletionRate': 0, '14daysOrderNum': 0, '21daysCompletionRate': 0, '21daysOrderNum': 0, 'Exceed21daysCompletionRate': 0, 'Exceed21daysOrderNum': 0}",True,
22019546670103,000100020010,開學季~快樂上學趣㊣凱蒂貓背包/HELLO KITTY書包/兒童書包/女童背包/雙肩背包/卡通書包 /1-3年級 預購款,10,"{'filename': '22019546670103_462.jpg,22019546670103_223.jpg,22019546670103_534.jpg,22019546670103_757.jpg,22019546670103_485.jpg,22019546670103_784.jpg,22019546670103_883.jpg,22019546670103_909.jpg,22019546670103_250.jpg', 'url': ['https://gcs.rimg.com.tw/g1/6/a0/17/22019546670103_462.jpg', 'https://gcs.rimg.com.tw/g1/6/a0/17/22019546670103_223.jpg', 'https://gcs.rimg.com.tw/g1/6/a0/17/22019546670103_534.jpg', 'https://gcs.rimg.com.tw/g1/6/a0/17/22019546670103_757.jpg', 'https://gcs.rimg.com.tw/g1/6/a0/17/22019546670103_485.jpg', 'https://gcs.rimg.com.tw/g1/6/a0/17/22019546670103_784.jpg', 'https://gcs.rimg.com.tw/g1/6/a0/17/22019546670103_883.jpg', 'https://gcs.rimg.com.tw/g1/6/a0/17/22019546670103_909.jpg', 'https://gcs.rimg.com.tw/g1/6/a0/17/22019546670103_250.jpg'], 'm_url': ['https://gcs.rimg.com.tw/g1/6/a0/17/22019546670103_462_m.jpg', 'https://gcs.rimg.com.tw/g1/6/a0/17/22019546670103_223_m.jpg', 'https://gcs.rimg.com.tw/g1/6/a0/17/22019546670103_534_m.jpg', 'https://gcs.rimg.com.tw/g1/6/a0/17/22019546670103_757_m.jpg', 'https://gcs.rimg.com.tw/g1/6/a0/17/22019546670103_485_m.jpg', 'https://gcs.rimg.com.tw/g1/6/a0/17/22019546670103_784_m.jpg', 'https://gcs.rimg.com.tw/g1/6/a0/17/22019546670103_883_m.jpg', 'https://gcs.rimg.com.tw/g1/6/a0/17/22019546670103_909_m.jpg', 'https://gcs.rimg.com.tw/g1/6/a0/17/22019546670103_250_m.jpg']}",TWD,1380,1380,"{'min': 1380, 'max': 1380, 'ori_min': 1380, 'ori_max': 1380}",0,0,0,5,0,0,,,,,,True,1589038031,R,"{'SEVEN_COD': 60, 'SEVEN': 60, 'FAMI_COD': 60, 'FAMI': 60, 'HILIFE_COD': 50, 'HILIFE': 50, 'MAPLE': 70, 'TCAT': 90, 'POST': 80, 'ISLAND': 120}",B,A,RUTEN,3669607,f852716,565,"['PAYLINK', 'SEVEN_COD', 'FAMI_COD', 'HILIFE_COD', 'ATM', 'PS', 'F2F']",0,1380,414447856,,,,,2024-01-23,False,False,False,False,False,False,1589038031,2145887999,"{'TotalCompletionRate': 0, 'TotalOrderNum': 0, '24hCompletionRate': 0, '24hOrderNum': 0, '3daysCompletionRate': 0, '3daysOrderNum': 0, '7daysCompletionRate': 0, '7daysOrderNum': 0, '14daysCompletionRate': 0, '14daysOrderNum': 0, '21daysCompletionRate': 0, '21daysOrderNum': 0, 'Exceed21daysCompletionRate': 0, 'Exceed21daysOrderNum': 0}",True,
22019546660887,000100020010,開學季~快樂上學趣㊣Disney迪士尼背包/米奇背包/兒童書包/男女童背包/雙肩背包/透氣書包 適合3-6年級預購款,10,"{'filename': '22019546660887_524.jpg,22019546660887_295.jpg,22019546660887_309.jpg,22019546660887_425.jpg,22019546660887_455.jpg,22019546660887_953.jpg,22019546660887_392.jpg,22019546660887_692.jpg', 'url': ['https://gcs.rimg.com.tw/g1/6/7c/17/22019546660887_524.jpg', 'https://gcs.rimg.com.tw/g1/6/7c/17/22019546660887_295.jpg', 'https://gcs.rimg.com.tw/g1/6/7c/17/22019546660887_309.jpg', 'https://gcs.rimg.com.tw/g1/6/7c/17/22019546660887_425.jpg', 'https://gcs.rimg.com.tw/g1/6/7c/17/22019546660887_455.jpg', 'https://gcs.rimg.com.tw/g1/6/7c/17/22019546660887_953.jpg', 'https://gcs.rimg.com.tw/g1/6/7c/17/22019546660887_392.jpg', 'https://gcs.rimg.com.tw/g1/6/7c/17/22019546660887_692.jpg'], 'm_url': ['https://gcs.rimg.com.tw/g1/6/7c/17/22019546660887_524_m.jpg', 'https://gcs.rimg.com.tw/g1/6/7c/17/22019546660887_295_m.jpg', 'https://gcs.rimg.com.tw/g1/6/7c/17/22019546660887_309_m.jpg', 'https://gcs.rimg.com.tw/g1/6/7c/17/22019546660887_425_m.jpg', 'https://gcs.rimg.com.tw/g1/6/7c/17/22019546660887_455_m.jpg', 'https://gcs.rimg.com.tw/g1/6/7c/17/22019546660887_953_m.jpg', 'https://gcs.rimg.com.tw/g1/6/7c/17/22019546660887_392_m.jpg', 'https://gcs.rimg.com.tw/g1/6/7c/17/22019546660887_692_m.jpg']}",TWD,810,810,"{'min': 810, 'max': 810, 'ori_min': 810, 'ori_max': 810}",0,0,0,5,0,0,,,,,,True,1589037832,R,"{'SEVEN_COD': 60, 'SEVEN': 60, 'FAMI_COD': 60, 'FAMI': 60, 'HILIFE_COD': 50, 'HILIFE': 50, 'MAPLE': 70, 'TCAT': 90, 'POST': 80, 'ISLAND': 120}",B,A,RUTEN,3669607,f852716,565,"['PAYLINK', 'SEVEN_COD', 'FAMI_COD', 'HILIFE_COD', 'ATM', 'PS', 'F2F']",0,810,414447856,,,,,2024-01-23,False,False,False,False,False,False,1589037833,2145887999,"{'TotalCompletionRate': 0, 'TotalOrderNum': 0, '24hCompletionRate': 0, '24hOrderNum': 0, '3daysCompletionRate': 0, '3daysOrderNum': 0, '7daysCompletionRate': 0, '7daysOrderNum': 0, '14daysCompletionRate': 0, '14daysOrderNum': 0, '21daysCompletionRate': 0, '21daysOrderNum': 0, 'Exceed21daysCompletionRate': 0, 'Exceed21daysOrderNum': 0}",True,
22019533978144,000100020009,開學季~快樂上學趣㊣Disney迪士尼書包/漫威補習袋/冰雪奇緣補習袋/兒童手提書包/男女童書包/卡通補習袋美術用品袋,20,"{'filename': '22019533978144_710.jpg,22019533978144_359.jpg,22019533978144_644.jpg,22019533978144_862.jpg,22019533978144_704.jpg,22019533978144_946.jpg,22019533978144_315.jpg,22019533978144_736.jpg,22019533978144_239.jpg', 'url': ['https://gcs.rimg.com.tw/g2/4/f6/20/22019533978144_710.jpg', 'https://gcs.rimg.com.tw/g2/4/f6/20/22019533978144_359.jpg', 'https://gcs.rimg.com.tw/g2/4/f6/20/22019533978144_644.jpg', 'https://gcs.rimg.com.tw/g2/4/f6/20/22019533978144_862.jpg', 'https://gcs.rimg.com.tw/g2/4/f6/20/22019533978144_704.jpg', 'https://gcs.rimg.com.tw/g2/4/f6/20/22019533978144_946.jpg', 'https://gcs.rimg.com.tw/g2/4/f6/20/22019533978144_315.jpg', 'https://gcs.rimg.com.tw/g2/4/f6/20/22019533978144_736.jpg', 'https://gcs.rimg.com.tw/g2/4/f6/20/22019533978144_239.jpg'], 'm_url': ['https://gcs.rimg.com.tw/g2/4/f6/20/22019533978144_710_m.jpg', 'https://gcs.rimg.com.tw/g2/4/f6/20/22019533978144_359_m.jpg', 'https://gcs.rimg.com.tw/g2/4/f6/20/22019533978144_644_m.jpg', 'https://gcs.rimg.com.tw/g2/4/f6/20/22019533978144_862_m.jpg', 'https://gcs.rimg.com.tw/g2/4/f6/20/22019533978144_704_m.jpg', 'https://gcs.rimg.com.tw/g2/4/f6/20/22019533978144_946_m.jpg', 'https://gcs.rimg.com.tw/g2/4/f6/20/22019533978144_315_m.jpg', 'https://gcs.rimg.com.tw/g2/4/f6/20/22019533978144_736_m.jpg', 'https://gcs.rimg.com.tw/g2/4/f6/20/22019533978144_239_m.jpg']}",TWD,490,490,"{'min': 490, 'max': 490, 'ori_min': 490, 'ori_max': 490}",0,0,0,5,0,0,,,,,,True,1588777067,R,"{'SEVEN_COD': 60, 'SEVEN': 60, 'FAMI_COD': 60, 'FAMI': 60, 'HILIFE_COD': 50, 'HILIFE': 50, 'MAPLE': 70, 'TCAT': 90, 'POST': 80, 'ISLAND': 120}",B,A,RUTEN,3669607,f852716,565,"['PAYLINK', 'SEVEN_COD', 'FAMI_COD', 'HILIFE_COD', 'ATM', 'PS', 'F2F']",0,490,414447856,,,,,2024-01-23,False,False,False,False,False,False,1588777068,2145887999,"{'TotalCompletionRate': 0, 'TotalOrderNum': 0, '24hCompletionRate': 0, '24hOrderNum': 0, '3daysCompletionRate': 0, '3daysOrderNum': 0, '7daysCompletionRate': 0, '7daysOrderNum': 0, '14daysCompletionRate': 0, '14daysOrderNum': 0, '21daysCompletionRate': 0, '21daysOrderNum': 0, 'Exceed21daysCompletionRate': 0, 'Exceed21daysOrderNum': 0}",True,
22019533952146,000100020010,開學季~快樂上學趣㊣Disney迪士尼背包/米奇米妮背包/兒童書包/男女童背包/雙肩背包/英倫書包 適合1-6年級預購款,50,"{'filename': '22019533952146_808.jpg,22019533952146_918.jpg,22019533952146_777.jpg,22019533952146_890.jpg,22019533952146_819.jpg,22019533952146_351.jpg,22019533952146_603.jpg,22019533952146_131.jpg,22019533952146_716.jpg', 'url': ['https://gcs.rimg.com.tw/g2/4/90/92/22019533952146_808.jpg', 'https://gcs.rimg.com.tw/g2/4/90/92/22019533952146_918.jpg', 'https://gcs.rimg.com.tw/g2/4/90/92/22019533952146_777.jpg', 'https://gcs.rimg.com.tw/g2/4/90/92/22019533952146_890.jpg', 'https://gcs.rimg.com.tw/g2/4/90/92/22019533952146_819.jpg', 'https://gcs.rimg.com.tw/g2/4/90/92/22019533952146_351.jpg', 'https://gcs.rimg.com.tw/g2/4/90/92/22019533952146_603.jpg', 'https://gcs.rimg.com.tw/g2/4/90/92/22019533952146_131.jpg', 'https://gcs.rimg.com.tw/g2/4/90/92/22019533952146_716.jpg'], 'm_url': ['https://gcs.rimg.com.tw/g2/4/90/92/22019533952146_808_m.jpg', 'https://gcs.rimg.com.tw/g2/4/90/92/22019533952146_918_m.jpg', 'https://gcs.rimg.com.tw/g2/4/90/92/22019533952146_777_m.jpg', 'https://gcs.rimg.com.tw/g2/4/90/92/22019533952146_890_m.jpg', 'https://gcs.rimg.com.tw/g2/4/90/92/22019533952146_819_m.jpg', 'https://gcs.rimg.com.tw/g2/4/90/92/22019533952146_351_m.jpg', 'https://gcs.rimg.com.tw/g2/4/90/92/22019533952146_603_m.jpg', 'https://gcs.rimg.com.tw/g2/4/90/92/22019533952146_131_m.jpg', 'https://gcs.rimg.com.tw/g2/4/90/92/22019533952146_716_m.jpg']}",TWD,699,699,"{'min': 699, 'max': 750, 'ori_min': 699, 'ori_max': 750}",0,0,0,5,0,0,,,,,,True,1588776428,R,"{'SEVEN_COD': 60, 'SEVEN': 60, 'FAMI_COD': 60, 'FAMI': 60, 'HILIFE_COD': 50, 'HILIFE': 50, 'MAPLE': 70, 'TCAT': 90, 'POST': 80, 'ISLAND': 120}",B,A,RUTEN,3669607,f852716,565,"['PAYLINK', 'SEVEN_COD', 'FAMI_COD', 'HILIFE_COD', 'ATM', 'PS', 'F2F']",0,699,414447856,,,,,2024-01-23,False,False,False,False,False,False,1588776429,2145887999,"{'TotalCompletionRate': 0, 'TotalOrderNum': 0, '24hCompletionRate': 0, '24hOrderNum': 0, '3daysCompletionRate': 0, '3daysOrderNum': 0, '7daysCompletionRate': 0, '7daysOrderNum': 0, '14daysCompletionRate': 0, '14daysOrderNum': 0, '21daysCompletionRate': 0, '21daysOrderNum': 0, 'Exceed21daysCompletionRate': 0, 'Exceed21daysOrderNum': 0}",True,
22017468900043,000100020010,開學季~快樂上學趣㊣凱蒂貓背包/HELLO KITTY書包/兒童書包/女童背包/雙肩背包/側開書包~3-6年級 預購款,15,"{'filename': '22017468900043_166.jpg,22017468900043_103.jpg,22017468900043_225.jpg,22017468900043_904.jpg,22017468900043_476.jpg,22017468900043_430.jpg,22017468900043_518.jpg,22017468900043_397.jpg,22017468900043_982.jpg', 'url': ['https://gcs.rimg.com.tw/g1/e/5e/cb/22017468900043_166.jpg', 'https://gcs.rimg.com.tw/g1/e/5e/cb/22017468900043_103.jpg', 'https://gcs.rimg.com.tw/g1/e/5e/cb/22017468900043_225.jpg', 'https://gcs.rimg.com.tw/g1/e/5e/cb/22017468900043_904.jpg', 'https://gcs.rimg.com.tw/g1/e/5e/cb/22017468900043_476.jpg', 'https://gcs.rimg.com.tw/g1/e/5e/cb/22017468900043_430.jpg', 'https://gcs.rimg.com.tw/g1/e/5e/cb/22017468900043_518.jpg', 'https://gcs.rimg.com.tw/g1/e/5e/cb/22017468900043_397.jpg', 'https://gcs.rimg.com.tw/g1/e/5e/cb/22017468900043_982.jpg'], 'm_url': ['https://gcs.rimg.com.tw/g1/e/5e/cb/22017468900043_166_m.jpg', 'https://gcs.rimg.com.tw/g1/e/5e/cb/22017468900043_103_m.jpg', 'https://gcs.rimg.com.tw/g1/e/5e/cb/22017468900043_225_m.jpg', 'https://gcs.rimg.com.tw/g1/e/5e/cb/22017468900043_904_m.jpg', 'https://gcs.rimg.com.tw/g1/e/5e/cb/22017468900043_476_m.jpg', 'https://gcs.rimg.com.tw/g1/e/5e/cb/22017468900043_430_m.jpg', 'https://gcs.rimg.com.tw/g1/e/5e/cb/22017468900043_518_m.jpg', 'https://gcs.rimg.com.tw/g1/e/5e/cb/22017468900043_397_m.jpg', 'https://gcs.rimg.com.tw/g1/e/5e/cb/22017468900043_982_m.jpg']}",TWD,799,799,"{'min': 799, 'max': 799, 'ori_min': 799, 'ori_max': 799}",0,0,0,5,0,0,,,,,,True,1587392463,R,"{'SEVEN_COD': 60, 'SEVEN': 60, 'FAMI_COD': 60, 'FAMI': 60, 'HILIFE_COD': 50, 'HILIFE': 50, 'MAPLE': 70, 'TCAT': 90, 'POST': 80, 'ISLAND': 120}",B,A,RUTEN,3669607,f852716,565,"['PAYLINK', 'SEVEN_COD', 'FAMI_COD', 'HILIFE_COD', 'ATM', 'PS', 'F2F']",0,799,414447856,,,,,2024-01-23,False,False,False,False,False,False,1587392464,2145887999,"{'TotalCompletionRate': 0, 'TotalOrderNum': 0, '24hCompletionRate': 0, '24hOrderNum': 0, '3daysCompletionRate': 0, '3daysOrderNum': 0, '7daysCompletionRate': 0, '7daysOrderNum': 0, '14daysCompletionRate': 0, '14daysOrderNum': 0, '21daysCompletionRate': 0, '21daysOrderNum': 0, 'Exceed21daysCompletionRate': 0, 'Exceed21daysOrderNum': 0}",True,
22017468890209,000100020010,開學季~快樂上學趣㊣凱蒂貓背包/HELLO KITTY書包/兒童書包/女童背包/雙肩背包/側開書包~3-6年級 預購款,15,"{'filename': '22017468890209_457.jpg,22017468890209_481.jpg,22017468890209_118.jpg,22017468890209_412.jpg,22017468890209_262.jpg,22017468890209_929.jpg,22017468890209_274.jpg,22017468890209_168.jpg,22017468890209_183.jpg', 'url': ['https://gcs.rimg.com.tw/g1/e/38/61/22017468890209_457.jpg', 'https://gcs.rimg.com.tw/g1/e/38/61/22017468890209_481.jpg', 'https://gcs.rimg.com.tw/g1/e/38/61/22017468890209_118.jpg', 'https://gcs.rimg.com.tw/g1/e/38/61/22017468890209_412.jpg', 'https://gcs.rimg.com.tw/g1/e/38/61/22017468890209_262.jpg', 'https://gcs.rimg.com.tw/g1/e/38/61/22017468890209_929.jpg', 'https://gcs.rimg.com.tw/g1/e/38/61/22017468890209_274.jpg', 'https://gcs.rimg.com.tw/g1/e/38/61/22017468890209_168.jpg', 'https://gcs.rimg.com.tw/g1/e/38/61/22017468890209_183.jpg'], 'm_url': ['https://gcs.rimg.com.tw/g1/e/38/61/22017468890209_457_m.jpg', 'https://gcs.rimg.com.tw/g1/e/38/61/22017468890209_481_m.jpg', 'https://gcs.rimg.com.tw/g1/e/38/61/22017468890209_118_m.jpg', 'https://gcs.rimg.com.tw/g1/e/38/61/22017468890209_412_m.jpg', 'https://gcs.rimg.com.tw/g1/e/38/61/22017468890209_262_m.jpg', 'https://gcs.rimg.com.tw/g1/e/38/61/22017468890209_929_m.jpg', 'https://gcs.rimg.com.tw/g1/e/38/61/22017468890209_274_m.jpg', 'https://gcs.rimg.com.tw/g1/e/38/61/22017468890209_168_m.jpg', 'https://gcs.rimg.com.tw/g1/e/38/61/22017468890209_183_m.jpg']}",TWD,799,799,"{'min': 799, 'max': 799, 'ori_min': 799, 'ori_max': 799}",0,0,0,5,0,0,,,,,,True,1587392247,R,"{'SEVEN_COD': 60, 'SEVEN': 60, 'FAMI_COD': 60, 'FAMI': 60, 'HILIFE_COD': 50, 'HILIFE': 50, 'MAPLE': 70, 'TCAT': 90, 'POST': 80, 'ISLAND': 120}",B,A,RUTEN,3669607,f852716,565,"['PAYLINK', 'SEVEN_COD', 'FAMI_COD', 'HILIFE_COD', 'ATM', 'PS', 'F2F']",0,799,414447856,,,,,2024-01-23,False,False,False,False,False,False,1587392248,2145887999,"{'TotalCompletionRate': 0, 'TotalOrderNum': 0, '24hCompletionRate': 0, '24hOrderNum': 0, '3daysCompletionRate': 0, '3daysOrderNum': 0, '7daysCompletionRate': 0, '7daysOrderNum': 0, '14daysCompletionRate': 0, '14daysOrderNum': 0, '21daysCompletionRate': 0, '21daysOrderNum': 0, 'Exceed21daysCompletionRate': 0, 'Exceed21daysOrderNum': 0}",True,
22016444632598,000100020010,開學季~快樂上學趣㊣凱蒂貓背包/HELLO KITTY背包/兒童書包/女童背包/雙肩背包/卡通書包/學齡前背包/預購款,43,"{'filename': '22016444632598_104.jpg,22016444632598_199.jpg,22016444632598_817.jpg,22016444632598_118.jpg,22016444632598_301.jpg,22016444632598_270.jpg,22016444632598_290.jpg,22016444632598_513.jpg,22016444632598_798.jpg', 'url': ['https://gcs.rimg.com.tw/g2/1/4a/16/22016444632598_104.jpg', 'https://gcs.rimg.com.tw/g2/1/4a/16/22016444632598_199.jpg', 'https://gcs.rimg.com.tw/g2/1/4a/16/22016444632598_817.jpg', 'https://gcs.rimg.com.tw/g2/1/4a/16/22016444632598_118.jpg', 'https://gcs.rimg.com.tw/g2/1/4a/16/22016444632598_301.jpg', 'https://gcs.rimg.com.tw/g2/1/4a/16/22016444632598_270.jpg', 'https://gcs.rimg.com.tw/g2/1/4a/16/22016444632598_290.jpg', 'https://gcs.rimg.com.tw/g2/1/4a/16/22016444632598_513.jpg', 'https://gcs.rimg.com.tw/g2/1/4a/16/22016444632598_798.jpg'], 'm_url': ['https://gcs.rimg.com.tw/g2/1/4a/16/22016444632598_104_m.jpg', 'https://gcs.rimg.com.tw/g2/1/4a/16/22016444632598_199_m.jpg', 'https://gcs.rimg.com.tw/g2/1/4a/16/22016444632598_817_m.jpg', 'https://gcs.rimg.com.tw/g2/1/4a/16/22016444632598_118_m.jpg', 'https://gcs.rimg.com.tw/g2/1/4a/16/22016444632598_301_m.jpg', 'https://gcs.rimg.com.tw/g2/1/4a/16/22016444632598_270_m.jpg', 'https://gcs.rimg.com.tw/g2/1/4a/16/22016444632598_290_m.jpg', 'https://gcs.rimg.com.tw/g2/1/4a/16/22016444632598_513_m.jpg', 'https://gcs.rimg.com.tw/g2/1/4a/16/22016444632598_798_m.jpg']}",TWD,630,630,"{'min': 630, 'max': 630, 'ori_min': 630, 'ori_max': 630}",0,0,0,5,0,0,,,,,,True,1586875577,R,"{'SEVEN_COD': 60, 'SEVEN': 60, 'FAMI_COD': 60, 'FAMI': 60, 'HILIFE_COD': 50, 'HILIFE': 50, 'MAPLE': 70, 'TCAT': 90, 'POST': 80, 'ISLAND': 120}",B,A,RUTEN,3669607,f852716,565,"['PAYLINK', 'SEVEN_COD', 'FAMI_COD', 'HILIFE_COD', 'ATM', 'PS', 'F2F']",0,630,414447856,,,,,2024-01-23,False,False,False,False,False,False,1586875578,2145887999,"{'TotalCompletionRate': 0, 'TotalOrderNum': 0, '24hCompletionRate': 0, '24hOrderNum': 0, '3daysCompletionRate': 0, '3daysOrderNum': 0, '7daysCompletionRate': 0, '7daysOrderNum': 0, '14daysCompletionRate': 0, '14daysOrderNum': 0, '21daysCompletionRate': 0, '21daysOrderNum': 0, 'Exceed21daysCompletionRate': 0, 'Exceed21daysOrderNum': 0}",True,
22015425455285,000100020010,開學季~快樂上學趣㊣Disney迪士尼背包/米奇米妮背包/學齡前背包/幼兒背包/兒童背包/男女童背包/雙肩背包/卡通書包,20,"{'filename': '22015425455285_148.jpg,22015425455285_168.jpg,22015425455285_210.jpg,22015425455285_357.jpg,22015425455285_733.jpg,22015425455285_814.jpg,22015425455285_318.jpg,22015425455285_732.jpg,22015425455285_186.jpg', 'url': ['https://gcs.rimg.com.tw/g1/1/e0/b5/22015425455285_148.jpg', 'https://gcs.rimg.com.tw/g1/1/e0/b5/22015425455285_168.jpg', 'https://gcs.rimg.com.tw/g1/1/e0/b5/22015425455285_210.jpg', 'https://gcs.rimg.com.tw/g1/1/e0/b5/22015425455285_357.jpg', 'https://gcs.rimg.com.tw/g1/1/e0/b5/22015425455285_733.jpg', 'https://gcs.rimg.com.tw/g1/1/e0/b5/22015425455285_814.jpg', 'https://gcs.rimg.com.tw/g1/1/e0/b5/22015425455285_318.jpg', 'https://gcs.rimg.com.tw/g1/1/e0/b5/22015425455285_732.jpg', 'https://gcs.rimg.com.tw/g1/1/e0/b5/22015425455285_186.jpg'], 'm_url': ['https://gcs.rimg.com.tw/g1/1/e0/b5/22015425455285_148_m.jpg', 'https://gcs.rimg.com.tw/g1/1/e0/b5/22015425455285_168_m.jpg', 'https://gcs.rimg.com.tw/g1/1/e0/b5/22015425455285_210_m.jpg', 'https://gcs.rimg.com.tw/g1/1/e0/b5/22015425455285_357_m.jpg', 'https://gcs.rimg.com.tw/g1/1/e0/b5/22015425455285_733_m.jpg', 'https://gcs.rimg.com.tw/g1/1/e0/b5/22015425455285_814_m.jpg', 'https://gcs.rimg.com.tw/g1/1/e0/b5/22015425455285_318_m.jpg', 'https://gcs.rimg.com.tw/g1/1/e0/b5/22015425455285_732_m.jpg', 'https://gcs.rimg.com.tw/g1/1/e0/b5/22015425455285_186_m.jpg']}",TWD,650,650,"{'min': 650, 'max': 650, 'ori_min': 650, 'ori_max': 650}",0,0,0,5,0,0,,,,,,True,1586357209,R,"{'SEVEN_COD': 60, 'SEVEN': 60, 'FAMI_COD': 60, 'FAMI': 60, 'HILIFE_COD': 50, 'HILIFE': 50, 'MAPLE': 70, 'TCAT': 90, 'POST': 80, 'ISLAND': 120}",B,A,RUTEN,3669607,f852716,565,"['PAYLINK', 'SEVEN_COD', 'FAMI_COD', 'HILIFE_COD', 'ATM', 'PS', 'F2F']",0,650,414447856,,,,,2024-01-23,False,False,False,False,False,False,1586357209,2145887999,"{'TotalCompletionRate': 0, 'TotalOrderNum': 0, '24hCompletionRate': 0, '24hOrderNum': 0, '3daysCompletionRate': 0, '3daysOrderNum': 0, '7daysCompletionRate': 0, '7daysOrderNum': 0, '14daysCompletionRate': 0, '14daysOrderNum': 0, '21daysCompletionRate': 0, '21daysOrderNum': 0, 'Exceed21daysCompletionRate': 0, 'Exceed21daysOrderNum': 0}",True,
