id,class,name,num,images,currency,goods_price,goods_ori_price,goods_price_range,watch_num,sold_num,buyer_limit_num,stock_status,fast_ship,free_shipping,youtube_link,video_link,ncc_check_code,bsmi_code,goods_no,available,post_time,spec_type,deliver_way,mode,ship,platform,ctrl_rowid,user,user_credit,pay_way,title_style,selling_g_now_price,item_remaining_time,translation_type,translated_name,min_estimated_delivery_date,max_estimated_delivery_date,update_time,is_brand_seller,is_ruten_choice_seller,is_r_pcstore,is_pcstore,is_goods_from_oversea,is_goods_sale,sale_start_time,sale_end_time,seller_score,is_sale_start_time_editable
22422644128704,001100160008,迷你便攜鑰匙扣光COB光源野營燈強力磁鐵掛鉤鎖折疊支架開瓶器支架孔,2000,"{'filename': '22422644128704_322.jpg,22422644128704_131.jpg,22422644128704_382.jpg,22422644128704_560.jpg', 'url': ['https://gcs.rimg.com.tw/g2/a/33/c0/22422644128704_322.jpg', 'https://gcs.rimg.com.tw/g2/a/33/c0/22422644128704_131.jpg', 'https://gcs.rimg.com.tw/g2/a/33/c0/22422644128704_382.jpg', 'https://gcs.rimg.com.tw/g2/a/33/c0/22422644128704_560.jpg'], 'm_url': ['https://gcs.rimg.com.tw/g2/a/33/c0/22422644128704_322_m.jpg', 'https://gcs.rimg.com.tw/g2/a/33/c0/22422644128704_131_m.jpg', 'https://gcs.rimg.com.tw/g2/a/33/c0/22422644128704_382_m.jpg', 'https://gcs.rimg.com.tw/g2/a/33/c0/22422644128704_560_m.jpg']}",TWD,73,73,"{'min': 73, 'max': 85, 'ori_min': 73, 'ori_max': 85}",0,0,0,0,0,0,,,,,,True,1716910035,R,"{'SEVEN_COD': 75, 'FAMI_COD': 75, 'HILIFE_COD': 75, 'POST': 60, 'COD': 100}",B,A,RUTEN,6767157,el_diyan,28072,"['PP_PI', 'PP_CRD', 'PAYLINK', 'SEVEN_COD', 'FAMI_COD', 'HILIFE_COD', 'COD']",0,73,414447848,,,,,2024-05-28,False,True,False,False,False,False,1716910033,2145887999,"{'TotalCompletionRate': 0.92555475, 'TotalOrderNum': 4191, '24hCompletionRate': 0, '24hOrderNum': 0, '3daysCompletionRate': 1, '3daysOrderNum': 1, '7daysCompletionRate': 0, '7daysOrderNum': 0, '14daysCompletionRate': 0.9253112, '14daysOrderNum': 4097, '21daysCompletionRate': 0.9354839, '21daysOrderNum': 93, 'Exceed21daysCompletionRate': 0, 'Exceed21daysOrderNum': 0}",True
22422668064877,001100160008,KP1125電動開瓶器套裝 酒具套裝 開酒/倒酒和存酒多功能Type-C充電底座款葡萄紅酒電動開瓶器啟瓶器自動開瓶器 黑,1000,"{'filename': '22422668064877_872.jpg,22422668064877_705.jpg,22422668064877_714.jpg,22422668064877_284.jpg', 'url': ['https://gcs.rimg.com.tw/g1/7/70/6d/22422668064877_872.jpg', 'https://gcs.rimg.com.tw/g1/7/70/6d/22422668064877_705.jpg', 'https://gcs.rimg.com.tw/g1/7/70/6d/22422668064877_714.jpg', 'https://gcs.rimg.com.tw/g1/7/70/6d/22422668064877_284.jpg'], 'm_url': ['https://gcs.rimg.com.tw/g1/7/70/6d/22422668064877_872_m.jpg', 'https://gcs.rimg.com.tw/g1/7/70/6d/22422668064877_705_m.jpg', 'https://gcs.rimg.com.tw/g1/7/70/6d/22422668064877_714_m.jpg', 'https://gcs.rimg.com.tw/g1/7/70/6d/22422668064877_284_m.jpg']}",TWD,323,323,"{'min': 323, 'max': 323, 'ori_min': 323, 'ori_max': 323}",0,0,0,0,0,0,,,,,,True,1717263116,R,"{'SEVEN_COD': 75, 'FAMI_COD': 75, 'HILIFE_COD': 75, 'POST': 60, 'COD': 100}",B,A,RUTEN,6767157,el_diyan,28072,"['PP_PI', 'PP_CRD', 'PAYLINK', 'SEVEN_COD', 'FAMI_COD', 'HILIFE_COD', 'COD']",0,323,414447848,,,,,2024-06-02,False,True,False,False,False,False,1717263114,2145887999,"{'TotalCompletionRate': 0.92555475, 'TotalOrderNum': 4191, '24hCompletionRate': 0, '24hOrderNum': 0, '3daysCompletionRate': 1, '3daysOrderNum': 1, '7daysCompletionRate': 0, '7daysOrderNum': 0, '14daysCompletionRate': 0.9253112, '14daysOrderNum': 4097, '21daysCompletionRate': 0.9354839, '21daysOrderNum': 93, 'Exceed21daysCompletionRate': 0, 'Exceed21daysOrderNum': 0}",True
22422649462328,001100160008,鑰匙扣啤酒開瓶器口袋金屬金屬分體工具鑰匙扣散裝廚房酒吧工具配件帶爪桿(藍色),2000,"{'filename': '22422649462328_367.jpg,22422649462328_795.jpg,22422649462328_797.jpg,22422649462328_264.jpg', 'url': ['https://gcs.rimg.com.tw/g2/b/96/38/22422649462328_367.jpg', 'https://gcs.rimg.com.tw/g2/b/96/38/22422649462328_795.jpg', 'https://gcs.rimg.com.tw/g2/b/96/38/22422649462328_797.jpg', 'https://gcs.rimg.com.tw/g2/b/96/38/22422649462328_264.jpg'], 'm_url': ['https://gcs.rimg.com.tw/g2/b/96/38/22422649462328_367_m.jpg', 'https://gcs.rimg.com.tw/g2/b/96/38/22422649462328_795_m.jpg', 'https://gcs.rimg.com.tw/g2/b/96/38/22422649462328_797_m.jpg', 'https://gcs.rimg.com.tw/g2/b/96/38/22422649462328_264_m.jpg']}",TWD,42,42,"{'min': 42, 'max': 42, 'ori_min': 42, 'ori_max': 42}",0,0,0,0,0,0,,,,,,True,1716989307,R,"{'SEVEN_COD': 75, 'FAMI_COD': 75, 'HILIFE_COD': 75, 'POST': 60, 'COD': 100}",B,A,RUTEN,6767157,el_diyan,28072,"['PP_PI', 'PP_CRD', 'PAYLINK', 'SEVEN_COD', 'FAMI_COD', 'HILIFE_COD', 'COD']",0,42,414447848,,,,,2024-05-29,False,True,False,False,False,False,1716989304,2145887999,"{'TotalCompletionRate': 0.92555475, 'TotalOrderNum': 4191, '24hCompletionRate': 0, '24hOrderNum': 0, '3daysCompletionRate': 1, '3daysOrderNum': 1, '7daysCompletionRate': 0, '7daysOrderNum': 0, '14daysCompletionRate': 0.9253112, '14daysOrderNum': 4097, '21daysCompletionRate': 0.9354839, '21daysOrderNum': 93, 'Exceed21daysCompletionRate': 0, 'Exceed21daysOrderNum': 0}",True
22422648421298,001100160008,電動開酒器套裝 真空保鮮塞 家庭派對酒吧好品質 箔切割器 可充電自動電動開瓶器帶倒酒器 / / Type-C / Out,1000,"{'filename': '22422648421298_273.jpg,22422648421298_939.jpg,22422648421298_422.jpg,22422648421298_293.jpg', 'url': ['https://gcs.rimg.com.tw/g2/b/b3/b2/22422648421298_273.jpg', 'https://gcs.rimg.com.tw/g2/b/b3/b2/22422648421298_939.jpg', 'https://gcs.rimg.com.tw/g2/b/b3/b2/22422648421298_422.jpg', 'https://gcs.rimg.com.tw/g2/b/b3/b2/22422648421298_293.jpg'], 'm_url': ['https://gcs.rimg.com.tw/g2/b/b3/b2/22422648421298_273_m.jpg', 'https://gcs.rimg.com.tw/g2/b/b3/b2/22422648421298_939_m.jpg', 'https://gcs.rimg.com.tw/g2/b/b3/b2/22422648421298_422_m.jpg', 'https://gcs.rimg.com.tw/g2/b/b3/b2/22422648421298_293_m.jpg']}",TWD,323,323,"{'min': 323, 'max': 323, 'ori_min': 323, 'ori_max': 323}",0,0,0,0,0,0,,,,,,True,1716977405,R,"{'SEVEN_COD': 75, 'FAMI_COD': 75, 'HILIFE_COD': 75, 'POST': 60, 'COD': 100}",B,A,RUTEN,6767157,el_diyan,28072,"['PP_PI', 'PP_CRD', 'PAYLINK', 'SEVEN_COD', 'FAMI_COD', 'HILIFE_COD', 'COD']",0,323,414447848,,,,,2024-05-29,False,True,False,False,False,False,1716977403,2145887999,"{'TotalCompletionRate': 0.92555475, 'TotalOrderNum': 4191, '24hCompletionRate': 0, '24hOrderNum': 0, '3daysCompletionRate': 1, '3daysOrderNum': 1, '7daysCompletionRate': 0, '7daysOrderNum': 0, '14daysCompletionRate': 0.9253112, '14daysOrderNum': 4097, '21daysCompletionRate': 0.9354839, '21daysOrderNum': 93, 'Exceed21daysCompletionRate': 0, 'Exceed21daysOrderNum': 0}",True
22422647180682,001100160008,迷你便攜鑰匙扣燈多功能cob野營燈磁吸鎖鉤開瓶器快充,1000,"{'filename': '22422647180682_257.jpg,22422647180682_194.jpg,22422647180682_596.jpg,22422647180682_276.jpg', 'url': ['https://gcs.rimg.com.tw/g2/8/c5/8a/22422647180682_257.jpg', 'https://gcs.rimg.com.tw/g2/8/c5/8a/22422647180682_194.jpg', 'https://gcs.rimg.com.tw/g2/8/c5/8a/22422647180682_596.jpg', 'https://gcs.rimg.com.tw/g2/8/c5/8a/22422647180682_276.jpg'], 'm_url': ['https://gcs.rimg.com.tw/g2/8/c5/8a/22422647180682_257_m.jpg', 'https://gcs.rimg.com.tw/g2/8/c5/8a/22422647180682_194_m.jpg', 'https://gcs.rimg.com.tw/g2/8/c5/8a/22422647180682_596_m.jpg', 'https://gcs.rimg.com.tw/g2/8/c5/8a/22422647180682_276_m.jpg']}",TWD,116,116,"{'min': 116, 'max': 116, 'ori_min': 116, 'ori_max': 116}",0,0,0,0,0,0,,,,,,True,1716964460,R,"{'SEVEN_COD': 75, 'FAMI_COD': 75, 'HILIFE_COD': 75, 'POST': 60, 'COD': 100}",B,A,RUTEN,6767157,el_diyan,28072,"['PP_PI', 'PP_CRD', 'PAYLINK', 'SEVEN_COD', 'FAMI_COD', 'HILIFE_COD', 'COD']",0,116,414447848,,,,,2024-05-29,False,True,False,False,False,False,1716964457,2145887999,"{'TotalCompletionRate': 0.92555475, 'TotalOrderNum': 4191, '24hCompletionRate': 0, '24hOrderNum': 0, '3daysCompletionRate': 1, '3daysOrderNum': 1, '7daysCompletionRate': 0, '7daysOrderNum': 0, '14daysCompletionRate': 0.9253112, '14daysOrderNum': 4097, '21daysCompletionRate': 0.9354839, '21daysOrderNum': 93, 'Exceed21daysCompletionRate': 0, 'Exceed21daysOrderNum': 0}",True
22422646902661,001100160008,"胡桃夾子重型胡桃夾子適用於所有堅果堅固的胡桃夾子開瓶器工具漏斗設計,帶胡桃針",1000,"{'filename': '22422646902661_594.jpg,22422646902661_556.jpg,22422646902661_984.jpg,22422646902661_890.jpg', 'url': ['https://gcs.rimg.com.tw/g1/4/87/85/22422646902661_594.jpg', 'https://gcs.rimg.com.tw/g1/4/87/85/22422646902661_556.jpg', 'https://gcs.rimg.com.tw/g1/4/87/85/22422646902661_984.jpg', 'https://gcs.rimg.com.tw/g1/4/87/85/22422646902661_890.jpg'], 'm_url': ['https://gcs.rimg.com.tw/g1/4/87/85/22422646902661_594_m.jpg', 'https://gcs.rimg.com.tw/g1/4/87/85/22422646902661_556_m.jpg', 'https://gcs.rimg.com.tw/g1/4/87/85/22422646902661_984_m.jpg', 'https://gcs.rimg.com.tw/g1/4/87/85/22422646902661_890_m.jpg']}",TWD,87,87,"{'min': 87, 'max': 87, 'ori_min': 87, 'ori_max': 87}",0,0,0,0,0,0,,,,,,True,1716960564,R,"{'SEVEN_COD': 75, 'FAMI_COD': 75, 'HILIFE_COD': 75, 'POST': 60, 'COD': 100}",B,A,RUTEN,6767157,el_diyan,28072,"['PP_PI', 'PP_CRD', 'PAYLINK', 'SEVEN_COD', 'FAMI_COD', 'HILIFE_COD', 'COD']",0,87,414447848,,,,,2024-05-29,False,True,False,False,False,False,1716960563,2145887999,"{'TotalCompletionRate': 0.92555475, 'TotalOrderNum': 4191, '24hCompletionRate': 0, '24hOrderNum': 0, '3daysCompletionRate': 1, '3daysOrderNum': 1, '7daysCompletionRate': 0, '7daysOrderNum': 0, '14daysCompletionRate': 0.9253112, '14daysOrderNum': 4097, '21daysCompletionRate': 0.9354839, '21daysOrderNum': 93, 'Exceed21daysCompletionRate': 0, 'Exceed21daysOrderNum': 0}",True
22422646603423,001100160008,便攜式手動玻璃瓷磚開瓶器手持式替換刀頭瓷磚玻璃刀多功能玻璃切割,1000,"{'filename': '22422646603423_359.jpg,22422646603423_474.jpg,22422646603423_576.jpg,22422646603423_172.jpg', 'url': ['https://gcs.rimg.com.tw/g1/f/f6/9f/22422646603423_359.jpg', 'https://gcs.rimg.com.tw/g1/f/f6/9f/22422646603423_474.jpg', 'https://gcs.rimg.com.tw/g1/f/f6/9f/22422646603423_576.jpg', 'https://gcs.rimg.com.tw/g1/f/f6/9f/22422646603423_172.jpg'], 'm_url': ['https://gcs.rimg.com.tw/g1/f/f6/9f/22422646603423_359_m.jpg', 'https://gcs.rimg.com.tw/g1/f/f6/9f/22422646603423_474_m.jpg', 'https://gcs.rimg.com.tw/g1/f/f6/9f/22422646603423_576_m.jpg', 'https://gcs.rimg.com.tw/g1/f/f6/9f/22422646603423_172_m.jpg']}",TWD,187,187,"{'min': 187, 'max': 187, 'ori_min': 187, 'ori_max': 187}",0,0,0,0,0,0,,,,,,True,1716956468,R,"{'SEVEN_COD': 75, 'FAMI_COD': 75, 'HILIFE_COD': 75, 'POST': 60, 'COD': 100}",B,A,RUTEN,6767157,el_diyan,28072,"['PP_PI', 'PP_CRD', 'PAYLINK', 'SEVEN_COD', 'FAMI_COD', 'HILIFE_COD', 'COD']",0,187,414447848,,,,,2024-05-29,False,True,False,False,False,False,1716956466,2145887999,"{'TotalCompletionRate': 0.92555475, 'TotalOrderNum': 4191, '24hCompletionRate': 0, '24hOrderNum': 0, '3daysCompletionRate': 1, '3daysOrderNum': 1, '7daysCompletionRate': 0, '7daysOrderNum': 0, '14daysCompletionRate': 0.9253112, '14daysOrderNum': 4097, '21daysCompletionRate': 0.9354839, '21daysOrderNum': 93, 'Exceed21daysCompletionRate': 0, 'Exceed21daysOrderNum': 0}",True
22422646256056,001100160008,兩爪紅酒開瓶器開瓶器紅酒開瓶器紅酒開瓶器兩爪軟木拔出器損壞軟木塞去除器舊酒開瓶器家用取暖禮物,1000,"{'filename': '22422646256056_799.jpg,22422646256056_493.jpg,22422646256056_372.jpg,22422646256056_913.jpg', 'url': ['https://gcs.rimg.com.tw/g2/a/a9/b8/22422646256056_799.jpg', 'https://gcs.rimg.com.tw/g2/a/a9/b8/22422646256056_493.jpg', 'https://gcs.rimg.com.tw/g2/a/a9/b8/22422646256056_372.jpg', 'https://gcs.rimg.com.tw/g2/a/a9/b8/22422646256056_913.jpg'], 'm_url': ['https://gcs.rimg.com.tw/g2/a/a9/b8/22422646256056_799_m.jpg', 'https://gcs.rimg.com.tw/g2/a/a9/b8/22422646256056_493_m.jpg', 'https://gcs.rimg.com.tw/g2/a/a9/b8/22422646256056_372_m.jpg', 'https://gcs.rimg.com.tw/g2/a/a9/b8/22422646256056_913_m.jpg']}",TWD,77,77,"{'min': 77, 'max': 77, 'ori_min': 77, 'ori_max': 77}",0,0,0,0,0,0,,,,,,True,1716951902,R,"{'SEVEN_COD': 75, 'FAMI_COD': 75, 'HILIFE_COD': 75, 'POST': 60, 'COD': 100}",B,A,RUTEN,6767157,el_diyan,28072,"['PP_PI', 'PP_CRD', 'PAYLINK', 'SEVEN_COD', 'FAMI_COD', 'HILIFE_COD', 'COD']",0,77,414447848,,,,,2024-05-29,False,True,False,False,False,False,1716951900,2145887999,"{'TotalCompletionRate': 0.92555475, 'TotalOrderNum': 4191, '24hCompletionRate': 0, '24hOrderNum': 0, '3daysCompletionRate': 1, '3daysOrderNum': 1, '7daysCompletionRate': 0, '7daysOrderNum': 0, '14daysCompletionRate': 0.9253112, '14daysOrderNum': 4097, '21daysCompletionRate': 0.9354839, '21daysOrderNum': 93, 'Exceed21daysCompletionRate': 0, 'Exceed21daysOrderNum': 0}",True
22422646220518,001100160008,牡蠣絞花夾海鮮牡蠣開瓶器工具木製牡蠣絞花架家用廚房小工具,1000,"{'filename': '22422646220518_698.jpg,22422646220518_181.jpg,22422646220518_936.jpg,22422646220518_402.jpg', 'url': ['https://gcs.rimg.com.tw/g2/a/1e/e6/22422646220518_698.jpg', 'https://gcs.rimg.com.tw/g2/a/1e/e6/22422646220518_181.jpg', 'https://gcs.rimg.com.tw/g2/a/1e/e6/22422646220518_936.jpg', 'https://gcs.rimg.com.tw/g2/a/1e/e6/22422646220518_402.jpg'], 'm_url': ['https://gcs.rimg.com.tw/g2/a/1e/e6/22422646220518_698_m.jpg', 'https://gcs.rimg.com.tw/g2/a/1e/e6/22422646220518_181_m.jpg', 'https://gcs.rimg.com.tw/g2/a/1e/e6/22422646220518_936_m.jpg', 'https://gcs.rimg.com.tw/g2/a/1e/e6/22422646220518_402_m.jpg']}",TWD,77,77,"{'min': 77, 'max': 77, 'ori_min': 77, 'ori_max': 77}",0,0,0,0,0,0,,,,,,True,1716951072,R,"{'SEVEN_COD': 75, 'FAMI_COD': 75, 'HILIFE_COD': 75, 'POST': 60, 'COD': 100}",B,A,RUTEN,6767157,el_diyan,28072,"['PP_PI', 'PP_CRD', 'PAYLINK', 'SEVEN_COD', 'FAMI_COD', 'HILIFE_COD', 'COD']",0,77,414447848,,,,,2024-05-29,False,True,False,False,False,False,1716951070,2145887999,"{'TotalCompletionRate': 0.92555475, 'TotalOrderNum': 4191, '24hCompletionRate': 0, '24hOrderNum': 0, '3daysCompletionRate': 1, '3daysOrderNum': 1, '7daysCompletionRate': 0, '7daysOrderNum': 0, '14daysCompletionRate': 0.9253112, '14daysOrderNum': 4097, '21daysCompletionRate': 0.9354839, '21daysOrderNum': 93, 'Exceed21daysCompletionRate': 0, 'Exceed21daysOrderNum': 0}",True
22422646090096,001100160008,多功能橡膠皮帶扳手活動扳手開瓶器機油濾清器扳手汽車維修工具,1000,"{'filename': '22422646090096_951.jpg,22422646090096_844.jpg,22422646090096_629.jpg,22422646090096_465.jpg', 'url': ['https://gcs.rimg.com.tw/g2/8/21/70/22422646090096_951.jpg', 'https://gcs.rimg.com.tw/g2/8/21/70/22422646090096_844.jpg', 'https://gcs.rimg.com.tw/g2/8/21/70/22422646090096_629.jpg', 'https://gcs.rimg.com.tw/g2/8/21/70/22422646090096_465.jpg'], 'm_url': ['https://gcs.rimg.com.tw/g2/8/21/70/22422646090096_951_m.jpg', 'https://gcs.rimg.com.tw/g2/8/21/70/22422646090096_844_m.jpg', 'https://gcs.rimg.com.tw/g2/8/21/70/22422646090096_629_m.jpg', 'https://gcs.rimg.com.tw/g2/8/21/70/22422646090096_465_m.jpg']}",TWD,83,83,"{'min': 83, 'max': 83, 'ori_min': 83, 'ori_max': 83}",0,0,0,0,0,0,,,,,,True,1716947421,R,"{'SEVEN_COD': 75, 'FAMI_COD': 75, 'HILIFE_COD': 75, 'POST': 60, 'COD': 100}",B,A,RUTEN,6767157,el_diyan,28072,"['PP_PI', 'PP_CRD', 'PAYLINK', 'SEVEN_COD', 'FAMI_COD', 'HILIFE_COD', 'COD']",0,83,414447848,,,,,2024-05-29,False,True,False,False,False,False,1716947419,2145887999,"{'TotalCompletionRate': 0.92555475, 'TotalOrderNum': 4191, '24hCompletionRate': 0, '24hOrderNum': 0, '3daysCompletionRate': 1, '3daysOrderNum': 1, '7daysCompletionRate': 0, '7daysOrderNum': 0, '14daysCompletionRate': 0.9253112, '14daysOrderNum': 4097, '21daysCompletionRate': 0.9354839, '21daysOrderNum': 93, 'Exceed21daysCompletionRate': 0, 'Exceed21daysOrderNum': 0}",True
22422646048965,001100160008,皮帶壓裝配件與 A81 A812好品質 A816 A80 Revox 開瓶器兼容適用於 Studer A820,1000,"{'filename': '22422646048965_514.jpg,22422646048965_392.jpg,22422646048965_367.jpg,22422646048965_366.jpg', 'url': ['https://gcs.rimg.com.tw/g1/7/80/c5/22422646048965_514.jpg', 'https://gcs.rimg.com.tw/g1/7/80/c5/22422646048965_392.jpg', 'https://gcs.rimg.com.tw/g1/7/80/c5/22422646048965_367.jpg', 'https://gcs.rimg.com.tw/g1/7/80/c5/22422646048965_366.jpg'], 'm_url': ['https://gcs.rimg.com.tw/g1/7/80/c5/22422646048965_514_m.jpg', 'https://gcs.rimg.com.tw/g1/7/80/c5/22422646048965_392_m.jpg', 'https://gcs.rimg.com.tw/g1/7/80/c5/22422646048965_367_m.jpg', 'https://gcs.rimg.com.tw/g1/7/80/c5/22422646048965_366_m.jpg']}",TWD,445,445,"{'min': 445, 'max': 445, 'ori_min': 445, 'ori_max': 445}",0,0,0,0,0,0,,,,,,True,1716946480,R,"{'SEVEN_COD': 75, 'FAMI_COD': 75, 'HILIFE_COD': 75, 'POST': 60, 'COD': 100}",B,A,RUTEN,6767157,el_diyan,28072,"['PP_PI', 'PP_CRD', 'PAYLINK', 'SEVEN_COD', 'FAMI_COD', 'HILIFE_COD', 'COD']",0,445,414447848,,,,,2024-05-29,False,True,False,False,False,False,1716946478,2145887999,"{'TotalCompletionRate': 0.92555475, 'TotalOrderNum': 4191, '24hCompletionRate': 0, '24hOrderNum': 0, '3daysCompletionRate': 1, '3daysOrderNum': 1, '7daysCompletionRate': 0, '7daysOrderNum': 0, '14daysCompletionRate': 0.9253112, '14daysOrderNum': 4097, '21daysCompletionRate': 0.9354839, '21daysOrderNum': 93, 'Exceed21daysCompletionRate': 0, 'Exceed21daysOrderNum': 0}",True
22422646039392,001100160008,"用於烹飪的數字肉類溫度計電池供電雙探頭 2-3 秒即時讀取肉類溫度計,帶磁鐵警報和開瓶器 LCD 數字顯示烹飪溫度計",2000,"{'filename': '22422646039392_439.jpg,22422646039392_174.jpg,22422646039392_116.jpg,22422646039392_572.jpg', 'url': ['https://gcs.rimg.com.tw/g2/7/5b/60/22422646039392_439.jpg', 'https://gcs.rimg.com.tw/g2/7/5b/60/22422646039392_174.jpg', 'https://gcs.rimg.com.tw/g2/7/5b/60/22422646039392_116.jpg', 'https://gcs.rimg.com.tw/g2/7/5b/60/22422646039392_572.jpg'], 'm_url': ['https://gcs.rimg.com.tw/g2/7/5b/60/22422646039392_439_m.jpg', 'https://gcs.rimg.com.tw/g2/7/5b/60/22422646039392_174_m.jpg', 'https://gcs.rimg.com.tw/g2/7/5b/60/22422646039392_116_m.jpg', 'https://gcs.rimg.com.tw/g2/7/5b/60/22422646039392_572_m.jpg']}",TWD,342,342,"{'min': 342, 'max': 342, 'ori_min': 342, 'ori_max': 342}",0,0,0,0,0,0,,,,,,True,1716946209,R,"{'SEVEN_COD': 75, 'FAMI_COD': 75, 'HILIFE_COD': 75, 'POST': 60, 'COD': 100}",B,A,RUTEN,6767157,el_diyan,28072,"['PP_PI', 'PP_CRD', 'PAYLINK', 'SEVEN_COD', 'FAMI_COD', 'HILIFE_COD', 'COD']",0,342,414447848,,,,,2024-05-29,False,True,False,False,False,False,1716946207,2145887999,"{'TotalCompletionRate': 0.92555475, 'TotalOrderNum': 4191, '24hCompletionRate': 0, '24hOrderNum': 0, '3daysCompletionRate': 1, '3daysOrderNum': 1, '7daysCompletionRate': 0, '7daysOrderNum': 0, '14daysCompletionRate': 0.9253112, '14daysOrderNum': 4097, '21daysCompletionRate': 0.9354839, '21daysOrderNum': 93, 'Exceed21daysCompletionRate': 0, 'Exceed21daysOrderNum': 0}",True
22422645975244,001100160008,木柄開瓶器啤酒開瓶器軟飲料蘋果酒開瓶器不銹鋼果汁開瓶器牛奶瓶玻璃蓋工具,1000,"{'filename': '22422645975244_847.jpg,22422645975244_567.jpg,22422645975244_590.jpg,22422645975244_845.jpg', 'url': ['https://gcs.rimg.com.tw/g2/6/60/cc/22422645975244_847.jpg', 'https://gcs.rimg.com.tw/g2/6/60/cc/22422645975244_567.jpg', 'https://gcs.rimg.com.tw/g2/6/60/cc/22422645975244_590.jpg', 'https://gcs.rimg.com.tw/g2/6/60/cc/22422645975244_845.jpg'], 'm_url': ['https://gcs.rimg.com.tw/g2/6/60/cc/22422645975244_847_m.jpg', 'https://gcs.rimg.com.tw/g2/6/60/cc/22422645975244_567_m.jpg', 'https://gcs.rimg.com.tw/g2/6/60/cc/22422645975244_590_m.jpg', 'https://gcs.rimg.com.tw/g2/6/60/cc/22422645975244_845_m.jpg']}",TWD,54,54,"{'min': 54, 'max': 54, 'ori_min': 54, 'ori_max': 54}",0,0,0,0,0,0,,,,,,True,1716944147,R,"{'SEVEN_COD': 75, 'FAMI_COD': 75, 'HILIFE_COD': 75, 'POST': 60, 'COD': 100}",B,A,RUTEN,6767157,el_diyan,28072,"['PP_PI', 'PP_CRD', 'PAYLINK', 'SEVEN_COD', 'FAMI_COD', 'HILIFE_COD', 'COD']",0,54,414447848,,,,,2024-05-29,False,True,False,False,False,False,1716944145,2145887999,"{'TotalCompletionRate': 0.92555475, 'TotalOrderNum': 4191, '24hCompletionRate': 0, '24hOrderNum': 0, '3daysCompletionRate': 1, '3daysOrderNum': 1, '7daysCompletionRate': 0, '7daysOrderNum': 0, '14daysCompletionRate': 0.9253112, '14daysOrderNum': 4097, '21daysCompletionRate': 0.9354839, '21daysOrderNum': 93, 'Exceed21daysCompletionRate': 0, 'Exceed21daysOrderNum': 0}",True
22422645710779,001100160008,便攜式手動玻璃瓷磚開瓶器手持式更換刀頭瓷磚玻璃刀多功能玻璃切割器,1000,"{'filename': '22422645710779_769.jpg,22422645710779_778.jpg,22422645710779_871.jpg,22422645710779_123.jpg', 'url': ['https://gcs.rimg.com.tw/g1/2/57/bb/22422645710779_769.jpg', 'https://gcs.rimg.com.tw/g1/2/57/bb/22422645710779_778.jpg', 'https://gcs.rimg.com.tw/g1/2/57/bb/22422645710779_871.jpg', 'https://gcs.rimg.com.tw/g1/2/57/bb/22422645710779_123.jpg'], 'm_url': ['https://gcs.rimg.com.tw/g1/2/57/bb/22422645710779_769_m.jpg', 'https://gcs.rimg.com.tw/g1/2/57/bb/22422645710779_778_m.jpg', 'https://gcs.rimg.com.tw/g1/2/57/bb/22422645710779_871_m.jpg', 'https://gcs.rimg.com.tw/g1/2/57/bb/22422645710779_123_m.jpg']}",TWD,175,175,"{'min': 175, 'max': 175, 'ori_min': 175, 'ori_max': 175}",0,0,0,0,0,0,,,,,,True,1716933970,R,"{'SEVEN_COD': 75, 'FAMI_COD': 75, 'HILIFE_COD': 75, 'POST': 60, 'COD': 100}",B,A,RUTEN,6767157,el_diyan,28072,"['PP_PI', 'PP_CRD', 'PAYLINK', 'SEVEN_COD', 'FAMI_COD', 'HILIFE_COD', 'COD']",0,175,414447848,,,,,2024-05-29,False,True,False,False,False,False,1716933968,2145887999,"{'TotalCompletionRate': 0.92555475, 'TotalOrderNum': 4191, '24hCompletionRate': 0, '24hOrderNum': 0, '3daysCompletionRate': 1, '3daysOrderNum': 1, '7daysCompletionRate': 0, '7daysOrderNum': 0, '14daysCompletionRate': 0.9253112, '14daysOrderNum': 4097, '21daysCompletionRate': 0.9354839, '21daysOrderNum': 93, 'Exceed21daysCompletionRate': 0, 'Exceed21daysOrderNum': 0}",True
22422645656420,001100160008,SW-CP02 便攜式手動氣壓開瓶器 紅酒開瓶器 銀色,3000,"{'filename': '22422645656420_693.jpg,22422645656420_304.jpg,22422645656420_749.jpg,22422645656420_843.jpg', 'url': ['https://gcs.rimg.com.tw/g2/1/83/64/22422645656420_693.jpg', 'https://gcs.rimg.com.tw/g2/1/83/64/22422645656420_304.jpg', 'https://gcs.rimg.com.tw/g2/1/83/64/22422645656420_749.jpg', 'https://gcs.rimg.com.tw/g2/1/83/64/22422645656420_843.jpg'], 'm_url': ['https://gcs.rimg.com.tw/g2/1/83/64/22422645656420_693_m.jpg', 'https://gcs.rimg.com.tw/g2/1/83/64/22422645656420_304_m.jpg', 'https://gcs.rimg.com.tw/g2/1/83/64/22422645656420_749_m.jpg', 'https://gcs.rimg.com.tw/g2/1/83/64/22422645656420_843_m.jpg']}",TWD,126,126,"{'min': 126, 'max': 134, 'ori_min': 126, 'ori_max': 134}",0,0,0,0,0,0,,,,,,True,1716932371,R,"{'SEVEN_COD': 75, 'FAMI_COD': 75, 'HILIFE_COD': 75, 'POST': 60, 'COD': 100}",B,A,RUTEN,6767157,el_diyan,28072,"['PP_PI', 'PP_CRD', 'PAYLINK', 'SEVEN_COD', 'FAMI_COD', 'HILIFE_COD', 'COD']",0,126,414447848,,,,,2024-05-29,False,True,False,False,False,False,1716932369,2145887999,"{'TotalCompletionRate': 0.92555475, 'TotalOrderNum': 4191, '24hCompletionRate': 0, '24hOrderNum': 0, '3daysCompletionRate': 1, '3daysOrderNum': 1, '7daysCompletionRate': 0, '7daysOrderNum': 0, '14daysCompletionRate': 0.9253112, '14daysOrderNum': 4097, '21daysCompletionRate': 0.9354839, '21daysOrderNum': 93, 'Exceed21daysCompletionRate': 0, 'Exceed21daysOrderNum': 0}",True
22422645557385,001100160008,1 2 合 切刀器手持便攜式手動瓷磚切割器瓷磚切割工具多功能實用玻璃瓷磚開瓶器快速瓷磚切割手工具,1000,"{'filename': '22422645557385_814.jpg,22422645557385_285.jpg,22422645557385_865.jpg,22422645557385_197.jpg', 'url': ['https://gcs.rimg.com.tw/g1/0/00/89/22422645557385_814.jpg', 'https://gcs.rimg.com.tw/g1/0/00/89/22422645557385_285.jpg', 'https://gcs.rimg.com.tw/g1/0/00/89/22422645557385_865.jpg', 'https://gcs.rimg.com.tw/g1/0/00/89/22422645557385_197.jpg'], 'm_url': ['https://gcs.rimg.com.tw/g1/0/00/89/22422645557385_814_m.jpg', 'https://gcs.rimg.com.tw/g1/0/00/89/22422645557385_285_m.jpg', 'https://gcs.rimg.com.tw/g1/0/00/89/22422645557385_865_m.jpg', 'https://gcs.rimg.com.tw/g1/0/00/89/22422645557385_197_m.jpg']}",TWD,183,183,"{'min': 183, 'max': 183, 'ori_min': 183, 'ori_max': 183}",0,0,0,0,0,0,,,,,,True,1716929702,R,"{'SEVEN_COD': 75, 'FAMI_COD': 75, 'HILIFE_COD': 75, 'POST': 60, 'COD': 100}",B,A,RUTEN,6767157,el_diyan,28072,"['PP_PI', 'PP_CRD', 'PAYLINK', 'SEVEN_COD', 'FAMI_COD', 'HILIFE_COD', 'COD']",0,183,414447848,,,,,2024-05-29,False,True,False,False,False,False,1716929700,2145887999,"{'TotalCompletionRate': 0.92555475, 'TotalOrderNum': 4191, '24hCompletionRate': 0, '24hOrderNum': 0, '3daysCompletionRate': 1, '3daysOrderNum': 1, '7daysCompletionRate': 0, '7daysOrderNum': 0, '14daysCompletionRate': 0.9253112, '14daysOrderNum': 4097, '21daysCompletionRate': 0.9354839, '21daysOrderNum': 93, 'Exceed21daysCompletionRate': 0, 'Exceed21daysOrderNum': 0}",True
22422645549982,001100160008,147Pcs / Set 手錶維修工具套件錶殼開瓶器螺絲刀彈簧條錶帶鏈接銷手錶維修工具套裝,1000,"{'filename': '22422645549982_153.jpg,22422645549982_147.jpg,22422645549982_825.jpg,22422645549982_733.jpg', 'url': ['https://gcs.rimg.com.tw/g2/f/e3/9e/22422645549982_153.jpg', 'https://gcs.rimg.com.tw/g2/f/e3/9e/22422645549982_147.jpg', 'https://gcs.rimg.com.tw/g2/f/e3/9e/22422645549982_825.jpg', 'https://gcs.rimg.com.tw/g2/f/e3/9e/22422645549982_733.jpg'], 'm_url': ['https://gcs.rimg.com.tw/g2/f/e3/9e/22422645549982_153_m.jpg', 'https://gcs.rimg.com.tw/g2/f/e3/9e/22422645549982_147_m.jpg', 'https://gcs.rimg.com.tw/g2/f/e3/9e/22422645549982_825_m.jpg', 'https://gcs.rimg.com.tw/g2/f/e3/9e/22422645549982_733_m.jpg']}",TWD,274,274,"{'min': 274, 'max': 274, 'ori_min': 274, 'ori_max': 274}",0,0,0,0,0,0,,,,,,True,1716929511,R,"{'SEVEN_COD': 75, 'FAMI_COD': 75, 'HILIFE_COD': 75, 'POST': 60, 'COD': 100}",B,A,RUTEN,6767157,el_diyan,28072,"['PP_PI', 'PP_CRD', 'PAYLINK', 'SEVEN_COD', 'FAMI_COD', 'HILIFE_COD', 'COD']",0,274,414447848,,,,,2024-05-29,False,True,False,False,False,False,1716929509,2145887999,"{'TotalCompletionRate': 0.92555475, 'TotalOrderNum': 4191, '24hCompletionRate': 0, '24hOrderNum': 0, '3daysCompletionRate': 1, '3daysOrderNum': 1, '7daysCompletionRate': 0, '7daysOrderNum': 0, '14daysCompletionRate': 0.9253112, '14daysOrderNum': 4097, '21daysCompletionRate': 0.9354839, '21daysOrderNum': 93, 'Exceed21daysCompletionRate': 0, 'Exceed21daysOrderNum': 0}",True
22422645279588,001100160008,"8 1 合 多功能開罐器安全側切開罐器帶旋轉軸,用於啤酒、水、罐子的手動開瓶器",1000,"{'filename': '22422645279588_881.jpg,22422645279588_990.jpg,22422645279588_840.jpg,22422645279588_976.jpg', 'url': ['https://gcs.rimg.com.tw/g2/b/c3/64/22422645279588_881.jpg', 'https://gcs.rimg.com.tw/g2/b/c3/64/22422645279588_990.jpg', 'https://gcs.rimg.com.tw/g2/b/c3/64/22422645279588_840.jpg', 'https://gcs.rimg.com.tw/g2/b/c3/64/22422645279588_976.jpg'], 'm_url': ['https://gcs.rimg.com.tw/g2/b/c3/64/22422645279588_881_m.jpg', 'https://gcs.rimg.com.tw/g2/b/c3/64/22422645279588_990_m.jpg', 'https://gcs.rimg.com.tw/g2/b/c3/64/22422645279588_840_m.jpg', 'https://gcs.rimg.com.tw/g2/b/c3/64/22422645279588_976_m.jpg']}",TWD,109,109,"{'min': 109, 'max': 109, 'ori_min': 109, 'ori_max': 109}",0,0,0,0,0,0,,,,,,True,1716923728,R,"{'SEVEN_COD': 75, 'FAMI_COD': 75, 'HILIFE_COD': 75, 'POST': 60, 'COD': 100}",B,A,RUTEN,6767157,el_diyan,28072,"['PP_PI', 'PP_CRD', 'PAYLINK', 'SEVEN_COD', 'FAMI_COD', 'HILIFE_COD', 'COD']",0,109,414447848,,,,,2024-05-29,False,True,False,False,False,False,1716923726,2145887999,"{'TotalCompletionRate': 0.92555475, 'TotalOrderNum': 4191, '24hCompletionRate': 0, '24hOrderNum': 0, '3daysCompletionRate': 1, '3daysOrderNum': 1, '7daysCompletionRate': 0, '7daysOrderNum': 0, '14daysCompletionRate': 0.9253112, '14daysOrderNum': 4097, '21daysCompletionRate': 0.9354839, '21daysOrderNum': 93, 'Exceed21daysCompletionRate': 0, 'Exceed21daysOrderNum': 0}",True
22420561253237,001100160008,【含稅】* 復古不倒翁平衡鳥開瓶器生日開瓶器酷工具,1000,"{'filename': '22420561253237_975.jpg,22420561253237_573.jpg,22420561253237_414.jpg,22420561253237_680.jpg', 'url': ['https://gcs.rimg.com.tw/g1/4/0b/75/22420561253237_975.jpg', 'https://gcs.rimg.com.tw/g1/4/0b/75/22420561253237_573.jpg', 'https://gcs.rimg.com.tw/g1/4/0b/75/22420561253237_414.jpg', 'https://gcs.rimg.com.tw/g1/4/0b/75/22420561253237_680.jpg'], 'm_url': ['https://gcs.rimg.com.tw/g1/4/0b/75/22420561253237_975_m.jpg', 'https://gcs.rimg.com.tw/g1/4/0b/75/22420561253237_573_m.jpg', 'https://gcs.rimg.com.tw/g1/4/0b/75/22420561253237_414_m.jpg', 'https://gcs.rimg.com.tw/g1/4/0b/75/22420561253237_680_m.jpg']}",TWD,244,244,"{'min': 244, 'max': 244, 'ori_min': 244, 'ori_max': 244}",0,0,0,0,0,0,,,,,,True,1715803984,N,"{'SEVEN_COD': 75, 'FAMI_COD': 75, 'HILIFE_COD': 75, 'POST': 60, 'COD': 100}",B,A,RUTEN,6767157,el_diyan,28072,"['PP_PI', 'PP_CRD', 'PAYLINK', 'SEVEN_COD', 'FAMI_COD', 'HILIFE_COD', 'COD']",0,244,414447848,,,,,2024-05-16,False,True,False,False,False,False,1715803982,2145887999,"{'TotalCompletionRate': 0.92555475, 'TotalOrderNum': 4191, '24hCompletionRate': 0, '24hOrderNum': 0, '3daysCompletionRate': 1, '3daysOrderNum': 1, '7daysCompletionRate': 0, '7daysOrderNum': 0, '14daysCompletionRate': 0.9253112, '14daysOrderNum': 4097, '21daysCompletionRate': 0.9354839, '21daysOrderNum': 93, 'Exceed21daysCompletionRate': 0, 'Exceed21daysOrderNum': 0}",True
22420560855087,001100160008,【含稅】* 栗子開瓶器栗子夾不銹鋼板栗刀工具廚房多功能板栗開瓶器螺母開口器,1000,"{'filename': '22420560855087_421.jpg,22420560855087_230.jpg,22420560855087_933.jpg,22420560855087_279.jpg', 'url': ['https://gcs.rimg.com.tw/g1/d/f8/2f/22420560855087_421.jpg', 'https://gcs.rimg.com.tw/g1/d/f8/2f/22420560855087_230.jpg', 'https://gcs.rimg.com.tw/g1/d/f8/2f/22420560855087_933.jpg', 'https://gcs.rimg.com.tw/g1/d/f8/2f/22420560855087_279.jpg'], 'm_url': ['https://gcs.rimg.com.tw/g1/d/f8/2f/22420560855087_421_m.jpg', 'https://gcs.rimg.com.tw/g1/d/f8/2f/22420560855087_230_m.jpg', 'https://gcs.rimg.com.tw/g1/d/f8/2f/22420560855087_933_m.jpg', 'https://gcs.rimg.com.tw/g1/d/f8/2f/22420560855087_279_m.jpg']}",TWD,301,301,"{'min': 301, 'max': 301, 'ori_min': 301, 'ori_max': 301}",0,0,0,0,0,0,,,,,,True,1715798793,R,"{'SEVEN_COD': 75, 'FAMI_COD': 75, 'HILIFE_COD': 75, 'POST': 60, 'COD': 100}",B,A,RUTEN,6767157,el_diyan,28072,"['PP_PI', 'PP_CRD', 'PAYLINK', 'SEVEN_COD', 'FAMI_COD', 'HILIFE_COD', 'COD']",0,301,414447848,,,,,2024-05-16,False,True,False,False,False,False,1715798791,2145887999,"{'TotalCompletionRate': 0.92555475, 'TotalOrderNum': 4191, '24hCompletionRate': 0, '24hOrderNum': 0, '3daysCompletionRate': 1, '3daysOrderNum': 1, '7daysCompletionRate': 0, '7daysOrderNum': 0, '14daysCompletionRate': 0.9253112, '14daysOrderNum': 4097, '21daysCompletionRate': 0.9354839, '21daysOrderNum': 93, 'Exceed21daysCompletionRate': 0, 'Exceed21daysOrderNum': 0}",True
22420560025086,001100160008,"【含稅】* 多功能鑰匙扣開瓶器多功能工具,適用於露營車騎自行車的人雜工",2000,"{'filename': '22420560025086_960.jpg,22420560025086_953.jpg,22420560025086_575.jpg,22420560025086_952.jpg', 'url': ['https://gcs.rimg.com.tw/g2/1/4d/fe/22420560025086_960.jpg', 'https://gcs.rimg.com.tw/g2/1/4d/fe/22420560025086_953.jpg', 'https://gcs.rimg.com.tw/g2/1/4d/fe/22420560025086_575.jpg', 'https://gcs.rimg.com.tw/g2/1/4d/fe/22420560025086_952.jpg'], 'm_url': ['https://gcs.rimg.com.tw/g2/1/4d/fe/22420560025086_960_m.jpg', 'https://gcs.rimg.com.tw/g2/1/4d/fe/22420560025086_953_m.jpg', 'https://gcs.rimg.com.tw/g2/1/4d/fe/22420560025086_575_m.jpg', 'https://gcs.rimg.com.tw/g2/1/4d/fe/22420560025086_952_m.jpg']}",TWD,53,53,"{'min': 53, 'max': 53, 'ori_min': 53, 'ori_max': 53}",0,0,0,0,0,0,,,,,,True,1715790814,R,"{'SEVEN_COD': 75, 'FAMI_COD': 75, 'HILIFE_COD': 75, 'POST': 60, 'COD': 100}",B,A,RUTEN,6767157,el_diyan,28072,"['PP_PI', 'PP_CRD', 'PAYLINK', 'SEVEN_COD', 'FAMI_COD', 'HILIFE_COD', 'COD']",0,53,414447848,,,,,2024-11-06,False,True,False,False,False,False,1715790812,2145887999,"{'TotalCompletionRate': 0.92555475, 'TotalOrderNum': 4191, '24hCompletionRate': 0, '24hOrderNum': 0, '3daysCompletionRate': 1, '3daysOrderNum': 1, '7daysCompletionRate': 0, '7daysOrderNum': 0, '14daysCompletionRate': 0.9253112, '14daysOrderNum': 4097, '21daysCompletionRate': 0.9354839, '21daysOrderNum': 93, 'Exceed21daysCompletionRate': 0, 'Exceed21daysOrderNum': 0}",True
22420560023905,001100160008,【含稅】* 多功能鑰匙不銹鋼鑰匙扣多功能工具開瓶器,1000,"{'filename': '22420560023905_674.jpg,22420560023905_442.jpg,22420560023905_318.jpg,22420560023905_836.jpg', 'url': ['https://gcs.rimg.com.tw/g1/1/49/61/22420560023905_674.jpg', 'https://gcs.rimg.com.tw/g1/1/49/61/22420560023905_442.jpg', 'https://gcs.rimg.com.tw/g1/1/49/61/22420560023905_318.jpg', 'https://gcs.rimg.com.tw/g1/1/49/61/22420560023905_836.jpg'], 'm_url': ['https://gcs.rimg.com.tw/g1/1/49/61/22420560023905_674_m.jpg', 'https://gcs.rimg.com.tw/g1/1/49/61/22420560023905_442_m.jpg', 'https://gcs.rimg.com.tw/g1/1/49/61/22420560023905_318_m.jpg', 'https://gcs.rimg.com.tw/g1/1/49/61/22420560023905_836_m.jpg']}",TWD,919,919,"{'min': 919, 'max': 919, 'ori_min': 919, 'ori_max': 919}",0,0,0,0,0,0,,,,,,True,1715790804,N,"{'SEVEN_COD': 75, 'FAMI_COD': 75, 'HILIFE_COD': 75, 'POST': 60, 'COD': 100}",B,A,RUTEN,6767157,el_diyan,28072,"['PP_PI', 'PP_CRD', 'PAYLINK', 'SEVEN_COD', 'FAMI_COD', 'HILIFE_COD', 'COD']",0,919,414447848,,,,,2024-05-16,False,True,False,False,False,False,1715790802,2145887999,"{'TotalCompletionRate': 0.92555475, 'TotalOrderNum': 4191, '24hCompletionRate': 0, '24hOrderNum': 0, '3daysCompletionRate': 1, '3daysOrderNum': 1, '7daysCompletionRate': 0, '7daysOrderNum': 0, '14daysCompletionRate': 0.9253112, '14daysOrderNum': 4097, '21daysCompletionRate': 0.9354839, '21daysOrderNum': 93, 'Exceed21daysCompletionRate': 0, 'Exceed21daysOrderNum': 0}",True
22420556125497,001100160008,【含稅】* 5PCS 金屬條開瓶器手機桌屏扁平撬棒開口撬工具,1000,"{'filename': '22420556125497_477.jpg,22420556125497_125.jpg,22420556125497_987.jpg,22420556125497_468.jpg', 'url': ['https://gcs.rimg.com.tw/g1/5/cd/39/22420556125497_477.jpg', 'https://gcs.rimg.com.tw/g1/5/cd/39/22420556125497_125.jpg', 'https://gcs.rimg.com.tw/g1/5/cd/39/22420556125497_987.jpg', 'https://gcs.rimg.com.tw/g1/5/cd/39/22420556125497_468.jpg'], 'm_url': ['https://gcs.rimg.com.tw/g1/5/cd/39/22420556125497_477_m.jpg', 'https://gcs.rimg.com.tw/g1/5/cd/39/22420556125497_125_m.jpg', 'https://gcs.rimg.com.tw/g1/5/cd/39/22420556125497_987_m.jpg', 'https://gcs.rimg.com.tw/g1/5/cd/39/22420556125497_468_m.jpg']}",TWD,83,83,"{'min': 83, 'max': 83, 'ori_min': 83, 'ori_max': 83}",0,0,0,0,0,0,,,,,,True,1715757432,N,"{'SEVEN_COD': 75, 'FAMI_COD': 75, 'HILIFE_COD': 75, 'POST': 60, 'COD': 100}",B,A,RUTEN,6767157,el_diyan,28072,"['PP_PI', 'PP_CRD', 'PAYLINK', 'SEVEN_COD', 'FAMI_COD', 'HILIFE_COD', 'COD']",0,83,414447848,,,,,2024-05-15,False,True,False,False,False,False,1715757429,2145887999,"{'TotalCompletionRate': 0.92555475, 'TotalOrderNum': 4191, '24hCompletionRate': 0, '24hOrderNum': 0, '3daysCompletionRate': 1, '3daysOrderNum': 1, '7daysCompletionRate': 0, '7daysOrderNum': 0, '14daysCompletionRate': 0.9253112, '14daysOrderNum': 4097, '21daysCompletionRate': 0.9354839, '21daysOrderNum': 93, 'Exceed21daysCompletionRate': 0, 'Exceed21daysOrderNum': 0}",True
22420555570647,001100160008,【含稅】* 1 合 4 迷你便攜式金色開瓶器螺絲刀耳挑耳清潔器鑰匙扣套件,1000,"{'filename': '22420555570647_252.jpg,22420555570647_799.jpg,22420555570647_181.jpg,22420555570647_436.jpg', 'url': ['https://gcs.rimg.com.tw/g1/d/55/d7/22420555570647_252.jpg', 'https://gcs.rimg.com.tw/g1/d/55/d7/22420555570647_799.jpg', 'https://gcs.rimg.com.tw/g1/d/55/d7/22420555570647_181.jpg', 'https://gcs.rimg.com.tw/g1/d/55/d7/22420555570647_436.jpg'], 'm_url': ['https://gcs.rimg.com.tw/g1/d/55/d7/22420555570647_252_m.jpg', 'https://gcs.rimg.com.tw/g1/d/55/d7/22420555570647_799_m.jpg', 'https://gcs.rimg.com.tw/g1/d/55/d7/22420555570647_181_m.jpg', 'https://gcs.rimg.com.tw/g1/d/55/d7/22420555570647_436_m.jpg']}",TWD,44,44,"{'min': 44, 'max': 44, 'ori_min': 44, 'ori_max': 44}",0,0,0,0,0,0,,,,,,True,1715752767,R,"{'SEVEN_COD': 75, 'FAMI_COD': 75, 'HILIFE_COD': 75, 'POST': 60, 'COD': 100}",B,A,RUTEN,6767157,el_diyan,28072,"['PP_PI', 'PP_CRD', 'PAYLINK', 'SEVEN_COD', 'FAMI_COD', 'HILIFE_COD', 'COD']",0,44,414447848,,,,,2024-05-15,False,True,False,False,False,False,1715752767,2145887999,"{'TotalCompletionRate': 0.92555475, 'TotalOrderNum': 4191, '24hCompletionRate': 0, '24hOrderNum': 0, '3daysCompletionRate': 1, '3daysOrderNum': 1, '7daysCompletionRate': 0, '7daysOrderNum': 0, '14daysCompletionRate': 0.9253112, '14daysOrderNum': 4097, '21daysCompletionRate': 0.9354839, '21daysOrderNum': 93, 'Exceed21daysCompletionRate': 0, 'Exceed21daysOrderNum': 0}",True
22420552772367,001100160008,"【含稅】* 2 件塑料食品袋袋切袋器開瓶器切片機,適用於廚房易於操作",3000,"{'filename': '22420552772367_671.jpg,22420552772367_457.jpg,22420552772367_800.jpg,22420552772367_436.jpg', 'url': ['https://gcs.rimg.com.tw/g1/2/a3/0f/22420552772367_671.jpg', 'https://gcs.rimg.com.tw/g1/2/a3/0f/22420552772367_457.jpg', 'https://gcs.rimg.com.tw/g1/2/a3/0f/22420552772367_800.jpg', 'https://gcs.rimg.com.tw/g1/2/a3/0f/22420552772367_436.jpg'], 'm_url': ['https://gcs.rimg.com.tw/g1/2/a3/0f/22420552772367_671_m.jpg', 'https://gcs.rimg.com.tw/g1/2/a3/0f/22420552772367_457_m.jpg', 'https://gcs.rimg.com.tw/g1/2/a3/0f/22420552772367_800_m.jpg', 'https://gcs.rimg.com.tw/g1/2/a3/0f/22420552772367_436_m.jpg']}",TWD,150,150,"{'min': 150, 'max': 151, 'ori_min': 150, 'ori_max': 151}",0,0,0,0,0,0,,,,,,True,1715713648,R,"{'SEVEN_COD': 75, 'FAMI_COD': 75, 'HILIFE_COD': 75, 'POST': 60, 'COD': 100}",B,A,RUTEN,6767157,el_diyan,28072,"['PP_PI', 'PP_CRD', 'PAYLINK', 'SEVEN_COD', 'FAMI_COD', 'HILIFE_COD', 'COD']",0,150,414447848,,,,,2024-05-15,False,True,False,False,False,False,1715713646,2145887999,"{'TotalCompletionRate': 0.92555475, 'TotalOrderNum': 4191, '24hCompletionRate': 0, '24hOrderNum': 0, '3daysCompletionRate': 1, '3daysOrderNum': 1, '7daysCompletionRate': 0, '7daysOrderNum': 0, '14daysCompletionRate': 0.9253112, '14daysOrderNum': 4097, '21daysCompletionRate': 0.9354839, '21daysOrderNum': 93, 'Exceed21daysCompletionRate': 0, 'Exceed21daysOrderNum': 0}",True
22418445216874,001100050012,電動開瓶器可充電自動開瓶器酒瓶開瓶器帶 USB 電纜酒吧配件,2000,"{'filename': '22418445216874_725.jpg,22418445216874_674.jpg,22418445216874_992.jpg,22418445216874_945.jpg', 'url': ['https://gcs.rimg.com.tw/g2/f/c8/6a/22418445216874_725.jpg', 'https://gcs.rimg.com.tw/g2/f/c8/6a/22418445216874_674.jpg', 'https://gcs.rimg.com.tw/g2/f/c8/6a/22418445216874_992.jpg', 'https://gcs.rimg.com.tw/g2/f/c8/6a/22418445216874_945.jpg'], 'm_url': ['https://gcs.rimg.com.tw/g2/f/c8/6a/22418445216874_725_m.jpg', 'https://gcs.rimg.com.tw/g2/f/c8/6a/22418445216874_674_m.jpg', 'https://gcs.rimg.com.tw/g2/f/c8/6a/22418445216874_992_m.jpg', 'https://gcs.rimg.com.tw/g2/f/c8/6a/22418445216874_945_m.jpg']}",TWD,381,381,"{'min': 381, 'max': 410, 'ori_min': 381, 'ori_max': 410}",0,0,0,0,0,0,,,,,,True,1714493908,R,"{'SEVEN_COD': 75, 'FAMI_COD': 75, 'HILIFE_COD': 75, 'POST': 60, 'COD': 75}",B,A,RUTEN,6767157,el_diyan,28072,"['PP_PI', 'PP_CRD', 'PAYLINK', 'SEVEN_COD', 'FAMI_COD', 'HILIFE_COD', 'COD']",0,381,414447848,,,,,2024-05-01,False,True,False,False,False,False,1714493906,2145887999,"{'TotalCompletionRate': 0.92555475, 'TotalOrderNum': 4191, '24hCompletionRate': 0, '24hOrderNum': 0, '3daysCompletionRate': 1, '3daysOrderNum': 1, '7daysCompletionRate': 0, '7daysOrderNum': 0, '14daysCompletionRate': 0.9253112, '14daysOrderNum': 4097, '21daysCompletionRate': 0.9354839, '21daysOrderNum': 93, 'Exceed21daysCompletionRate': 0, 'Exceed21daysOrderNum': 0}",True
22418442039289,001100050012,100 件裝多功能鋁製啤酒鑰匙扣開瓶器開瓶器鑰匙扣鑰匙圈結婚禮物,1000,"{'filename': '22418442039289_250.jpg,22418442039289_585.jpg,22418442039289_156.jpg,22418442039289_913.jpg', 'url': ['https://gcs.rimg.com.tw/g1/f/4b/f9/22418442039289_250.jpg', 'https://gcs.rimg.com.tw/g1/f/4b/f9/22418442039289_585.jpg', 'https://gcs.rimg.com.tw/g1/f/4b/f9/22418442039289_156.jpg', 'https://gcs.rimg.com.tw/g1/f/4b/f9/22418442039289_913.jpg'], 'm_url': ['https://gcs.rimg.com.tw/g1/f/4b/f9/22418442039289_250_m.jpg', 'https://gcs.rimg.com.tw/g1/f/4b/f9/22418442039289_585_m.jpg', 'https://gcs.rimg.com.tw/g1/f/4b/f9/22418442039289_156_m.jpg', 'https://gcs.rimg.com.tw/g1/f/4b/f9/22418442039289_913_m.jpg']}",TWD,323,323,"{'min': 323, 'max': 323, 'ori_min': 323, 'ori_max': 323}",0,0,0,0,0,0,,,,,,True,1714461563,N,"{'SEVEN_COD': 75, 'FAMI_COD': 75, 'HILIFE_COD': 75, 'POST': 60, 'COD': 75}",B,A,RUTEN,6767157,el_diyan,28072,"['PP_PI', 'PP_CRD', 'PAYLINK', 'SEVEN_COD', 'FAMI_COD', 'HILIFE_COD', 'COD']",0,323,414447848,,,,,2024-04-30,False,True,False,False,False,False,1714461561,2145887999,"{'TotalCompletionRate': 0.92555475, 'TotalOrderNum': 4191, '24hCompletionRate': 0, '24hOrderNum': 0, '3daysCompletionRate': 1, '3daysOrderNum': 1, '7daysCompletionRate': 0, '7daysOrderNum': 0, '14daysCompletionRate': 0.9253112, '14daysOrderNum': 4097, '21daysCompletionRate': 0.9354839, '21daysOrderNum': 93, 'Exceed21daysCompletionRate': 0, 'Exceed21daysOrderNum': 0}",True
22417426283124,001100050012,【手機配件】手機支架啤酒開瓶器直播車用支架金屬指環扣摺疊磁吸懶人支架,3000,"{'filename': '22417426283124_862.jpg,22417426283124_323.jpg,22417426283124_759.jpg,22417426283124_171.jpg', 'url': ['https://gcs.rimg.com.tw/g2/4/16/74/22417426283124_862.jpg', 'https://gcs.rimg.com.tw/g2/4/16/74/22417426283124_323.jpg', 'https://gcs.rimg.com.tw/g2/4/16/74/22417426283124_759.jpg', 'https://gcs.rimg.com.tw/g2/4/16/74/22417426283124_171.jpg'], 'm_url': ['https://gcs.rimg.com.tw/g2/4/16/74/22417426283124_862_m.jpg', 'https://gcs.rimg.com.tw/g2/4/16/74/22417426283124_323_m.jpg', 'https://gcs.rimg.com.tw/g2/4/16/74/22417426283124_759_m.jpg', 'https://gcs.rimg.com.tw/g2/4/16/74/22417426283124_171_m.jpg']}",TWD,62,62,"{'min': 62, 'max': 63, 'ori_min': 62, 'ori_max': 63}",0,0,0,0,0,0,,,,,,True,1714247883,R,"{'SEVEN_COD': 75, 'FAMI_COD': 75, 'HILIFE_COD': 75, 'POST': 60, 'COD': 75}",B,A,RUTEN,6767157,el_diyan,28072,"['PP_PI', 'PP_CRD', 'PAYLINK', 'SEVEN_COD', 'FAMI_COD', 'HILIFE_COD', 'COD']",0,62,414447848,,,,,2024-04-28,False,True,False,False,False,False,1714247882,2145887999,"{'TotalCompletionRate': 0.92555475, 'TotalOrderNum': 4191, '24hCompletionRate': 0, '24hOrderNum': 0, '3daysCompletionRate': 1, '3daysOrderNum': 1, '7daysCompletionRate': 0, '7daysOrderNum': 0, '14daysCompletionRate': 0.9253112, '14daysOrderNum': 4097, '21daysCompletionRate': 0.9354839, '21daysOrderNum': 93, 'Exceed21daysCompletionRate': 0, 'Exceed21daysOrderNum': 0}",True
22417426158495,001100050012,【3C配件】開瓶器摺疊金屬手機支架 魔環指環扣支架 車用磁吸直播桌面支架,3000,"{'filename': '22417426158495_662.jpg,22417426158495_468.jpg,22417426158495_545.jpg,22417426158495_899.jpg', 'url': ['https://gcs.rimg.com.tw/g1/2/2f/9f/22417426158495_662.jpg', 'https://gcs.rimg.com.tw/g1/2/2f/9f/22417426158495_468.jpg', 'https://gcs.rimg.com.tw/g1/2/2f/9f/22417426158495_545.jpg', 'https://gcs.rimg.com.tw/g1/2/2f/9f/22417426158495_899.jpg'], 'm_url': ['https://gcs.rimg.com.tw/g1/2/2f/9f/22417426158495_662_m.jpg', 'https://gcs.rimg.com.tw/g1/2/2f/9f/22417426158495_468_m.jpg', 'https://gcs.rimg.com.tw/g1/2/2f/9f/22417426158495_545_m.jpg', 'https://gcs.rimg.com.tw/g1/2/2f/9f/22417426158495_899_m.jpg']}",TWD,57,57,"{'min': 57, 'max': 57, 'ori_min': 57, 'ori_max': 57}",0,0,0,0,0,0,,,,,,True,1714246272,R,"{'SEVEN_COD': 75, 'FAMI_COD': 75, 'HILIFE_COD': 75, 'POST': 60, 'COD': 75}",B,A,RUTEN,6767157,el_diyan,28072,"['PP_PI', 'PP_CRD', 'PAYLINK', 'SEVEN_COD', 'FAMI_COD', 'HILIFE_COD', 'COD']",0,57,414447848,,,,,2024-04-28,False,True,False,False,False,False,1714246271,2145887999,"{'TotalCompletionRate': 0.92555475, 'TotalOrderNum': 4191, '24hCompletionRate': 0, '24hOrderNum': 0, '3daysCompletionRate': 1, '3daysOrderNum': 1, '7daysCompletionRate': 0, '7daysOrderNum': 0, '14daysCompletionRate': 0.9253112, '14daysOrderNum': 4097, '21daysCompletionRate': 0.9354839, '21daysOrderNum': 93, 'Exceed21daysCompletionRate': 0, 'Exceed21daysOrderNum': 0}",True
22415293890195,001100160008,【開罐神器】省力開罐器 省力擰蓋神器 開罐器開瓶器 玻璃罐頭開蓋利器 開擰瓶蓋器 旋蓋器,2000,"{'filename': '22415293890195_414.jpg,22415293890195_379.jpg,22415293890195_435.jpg,22415293890195_730.jpg', 'url': ['https://gcs.rimg.com.tw/g1/a/5a/93/22415293890195_414.jpg', 'https://gcs.rimg.com.tw/g1/a/5a/93/22415293890195_379.jpg', 'https://gcs.rimg.com.tw/g1/a/5a/93/22415293890195_435.jpg', 'https://gcs.rimg.com.tw/g1/a/5a/93/22415293890195_730.jpg'], 'm_url': ['https://gcs.rimg.com.tw/g1/a/5a/93/22415293890195_414_m.jpg', 'https://gcs.rimg.com.tw/g1/a/5a/93/22415293890195_379_m.jpg', 'https://gcs.rimg.com.tw/g1/a/5a/93/22415293890195_435_m.jpg', 'https://gcs.rimg.com.tw/g1/a/5a/93/22415293890195_730_m.jpg']}",TWD,11,11,"{'min': 11, 'max': 51, 'ori_min': 11, 'ori_max': 51}",0,0,0,0,0,0,,,,,,True,1712962452,R,"{'SEVEN_COD': 75, 'FAMI_COD': 75, 'HILIFE_COD': 75, 'POST': 60, 'COD': 100}",B,A,RUTEN,6767157,el_diyan,28072,"['PP_PI', 'PP_CRD', 'PAYLINK', 'SEVEN_COD', 'FAMI_COD', 'HILIFE_COD', 'COD']",0,11,414447848,,,,,2024-04-13,False,True,False,False,False,False,1712962450,2145887999,"{'TotalCompletionRate': 0.92555475, 'TotalOrderNum': 4191, '24hCompletionRate': 0, '24hOrderNum': 0, '3daysCompletionRate': 1, '3daysOrderNum': 1, '7daysCompletionRate': 0, '7daysOrderNum': 0, '14daysCompletionRate': 0.9253112, '14daysOrderNum': 4097, '21daysCompletionRate': 0.9354839, '21daysOrderNum': 93, 'Exceed21daysCompletionRate': 0, 'Exceed21daysOrderNum': 0}",True
22415289182576,001100160008,便攜式開瓶器鑰匙螺絲刀黑色 迷你小型鑰匙螺絲刀 戶外十字螺絲刀,1000,"{'filename': '22415289182576_707.jpg', 'url': ['https://gcs.rimg.com.tw/g2/2/85/70/22415289182576_707.jpg'], 'm_url': ['https://gcs.rimg.com.tw/g2/2/85/70/22415289182576_707_m.jpg']}",TWD,45,45,"{'min': 45, 'max': 45, 'ori_min': 45, 'ori_max': 45}",0,0,0,0,0,0,,,,,,True,1712924716,R,"{'SEVEN_COD': 75, 'FAMI_COD': 75, 'HILIFE_COD': 75, 'POST': 60, 'COD': 100}",B,A,RUTEN,6767157,el_diyan,28072,"['PP_PI', 'PP_CRD', 'PAYLINK', 'SEVEN_COD', 'FAMI_COD', 'HILIFE_COD', 'COD']",0,45,414447848,,,,,2024-04-12,False,True,False,False,False,False,1712924714,2145887999,"{'TotalCompletionRate': 0.92555475, 'TotalOrderNum': 4191, '24hCompletionRate': 0, '24hOrderNum': 0, '3daysCompletionRate': 1, '3daysOrderNum': 1, '7daysCompletionRate': 0, '7daysOrderNum': 0, '14daysCompletionRate': 0.9253112, '14daysOrderNum': 4097, '21daysCompletionRate': 0.9354839, '21daysOrderNum': 93, 'Exceed21daysCompletionRate': 0, 'Exceed21daysOrderNum': 0}",True
22415289137330,001100160008,金屬D型扣快掛戶外隨身EDC多用途登山扣開瓶器彈簧鉤掛扣送鑰匙環,1000,"{'filename': '22415289137330_556.jpg', 'url': ['https://gcs.rimg.com.tw/g2/1/d4/b2/22415289137330_556.jpg'], 'm_url': ['https://gcs.rimg.com.tw/g2/1/d4/b2/22415289137330_556_m.jpg']}",TWD,40,40,"{'min': 40, 'max': 40, 'ori_min': 40, 'ori_max': 40}",0,0,0,0,0,0,,,,,,True,1712924341,R,"{'SEVEN_COD': 75, 'FAMI_COD': 75, 'HILIFE_COD': 75, 'POST': 60, 'COD': 100}",B,A,RUTEN,6767157,el_diyan,28072,"['PP_PI', 'PP_CRD', 'PAYLINK', 'SEVEN_COD', 'FAMI_COD', 'HILIFE_COD', 'COD']",0,40,414447848,,,,,2024-04-12,False,True,False,False,False,False,1712924339,2145887999,"{'TotalCompletionRate': 0.92555475, 'TotalOrderNum': 4191, '24hCompletionRate': 0, '24hOrderNum': 0, '3daysCompletionRate': 1, '3daysOrderNum': 1, '7daysCompletionRate': 0, '7daysOrderNum': 0, '14daysCompletionRate': 0.9253112, '14daysOrderNum': 4097, '21daysCompletionRate': 0.9354839, '21daysOrderNum': 93, 'Exceed21daysCompletionRate': 0, 'Exceed21daysOrderNum': 0}",True
22410939875572,001100050012,R12 22 600a 410a 134a冰箱空調罐裝制冷劑雪種冷媒開啟閥開瓶器,3000,"{'filename': '22410939875572_595.jpg,22410939875572_851.jpg', 'url': ['https://gcs.rimg.com.tw/g2/5/5c/f4/22410939875572_595.jpg', 'https://gcs.rimg.com.tw/g2/5/5c/f4/22410939875572_851.jpg'], 'm_url': ['https://gcs.rimg.com.tw/g2/5/5c/f4/22410939875572_595_m.jpg', 'https://gcs.rimg.com.tw/g2/5/5c/f4/22410939875572_851_m.jpg']}",TWD,72,72,"{'min': 72, 'max': 82, 'ori_min': 72, 'ori_max': 82}",0,0,0,0,0,0,,,,,,True,1709712113,R,"{'SEVEN_COD': 75, 'FAMI_COD': 75, 'HILIFE_COD': 75, 'POST': 60, 'COD': 75}",B,A,RUTEN,6767157,el_diyan,28072,"['PP_PI', 'PP_CRD', 'PAYLINK', 'SEVEN_COD', 'FAMI_COD', 'HILIFE_COD', 'COD']",0,72,414447848,,,,,2024-03-06,False,True,False,False,False,False,1709712114,2145887999,"{'TotalCompletionRate': 0.92555475, 'TotalOrderNum': 4191, '24hCompletionRate': 0, '24hOrderNum': 0, '3daysCompletionRate': 1, '3daysOrderNum': 1, '7daysCompletionRate': 0, '7daysOrderNum': 0, '14daysCompletionRate': 0.9253112, '14daysOrderNum': 4097, '21daysCompletionRate': 0.9354839, '21daysOrderNum': 93, 'Exceed21daysCompletionRate': 0, 'Exceed21daysOrderNum': 0}",True
22409906499925,001100050012,[二手拆機]R1222600a410a134a冰箱空調雪種開啟閥罐裝制冷劑冷媒開瓶器,3000,"{'filename': '22409906499925_116.jpg,22409906499925_678.jpg,22409906499925_124.jpg,22409906499925_377.jpg', 'url': ['https://gcs.rimg.com.tw/g1/9/31/55/22409906499925_116.jpg', 'https://gcs.rimg.com.tw/g1/9/31/55/22409906499925_678.jpg', 'https://gcs.rimg.com.tw/g1/9/31/55/22409906499925_124.jpg', 'https://gcs.rimg.com.tw/g1/9/31/55/22409906499925_377.jpg'], 'm_url': ['https://gcs.rimg.com.tw/g1/9/31/55/22409906499925_116_m.jpg', 'https://gcs.rimg.com.tw/g1/9/31/55/22409906499925_678_m.jpg', 'https://gcs.rimg.com.tw/g1/9/31/55/22409906499925_124_m.jpg', 'https://gcs.rimg.com.tw/g1/9/31/55/22409906499925_377_m.jpg']}",TWD,72,72,"{'min': 72, 'max': 94, 'ori_min': 72, 'ori_max': 94}",0,0,0,0,0,0,,,,,,True,1709326530,R,"{'SEVEN_COD': 75, 'FAMI_COD': 75, 'HILIFE_COD': 75, 'POST': 60, 'COD': 75}",B,A,RUTEN,6767157,el_diyan,28072,"['PP_PI', 'PP_CRD', 'PAYLINK', 'SEVEN_COD', 'FAMI_COD', 'HILIFE_COD', 'COD']",0,72,414447848,,,,,2024-03-02,False,True,False,False,False,False,1709326531,2145887999,"{'TotalCompletionRate': 0.92555475, 'TotalOrderNum': 4191, '24hCompletionRate': 0, '24hOrderNum': 0, '3daysCompletionRate': 1, '3daysOrderNum': 1, '7daysCompletionRate': 0, '7daysOrderNum': 0, '14daysCompletionRate': 0.9253112, '14daysOrderNum': 4097, '21daysCompletionRate': 0.9354839, '21daysOrderNum': 93, 'Exceed21daysCompletionRate': 0, 'Exceed21daysOrderNum': 0}",True
22324934025770,0011001600110005,海馬刀開瓶器酒刀紅酒開瓶器家用紅酒起子紅酒開瓶器套裝不鏽鋼 061-03897,500,"{'filename': '22324934025770_621.jpg,22324934025770_634.jpg', 'url': ['https://gcs.rimg.com.tw/g2/7/42/2a/22324934025770_621.jpg', 'https://gcs.rimg.com.tw/g2/7/42/2a/22324934025770_634.jpg'], 'm_url': ['https://gcs.rimg.com.tw/g2/7/42/2a/22324934025770_621_m.jpg', 'https://gcs.rimg.com.tw/g2/7/42/2a/22324934025770_634_m.jpg']}",TWD,291,291,"{'min': 291, 'max': 291, 'ori_min': 291, 'ori_max': 291}",0,0,0,0,0,0,,,,,,True,1686504170,N,"{'SEVEN_COD': 75, 'FAMI_COD': 75, 'HILIFE_COD': 75, 'POST': 60}",B,A,RUTEN,6767157,el_diyan,28072,"['PP_CRD', 'PAYLINK', 'SEVEN_COD', 'FAMI_COD', 'HILIFE_COD']",0,291,414447848,,,,,2024-01-12,False,True,False,False,False,False,1686504171,2145887999,"{'TotalCompletionRate': 0.92555475, 'TotalOrderNum': 4191, '24hCompletionRate': 0, '24hOrderNum': 0, '3daysCompletionRate': 1, '3daysOrderNum': 1, '7daysCompletionRate': 0, '7daysOrderNum': 0, '14daysCompletionRate': 0.9253112, '14daysOrderNum': 4097, '21daysCompletionRate': 0.9354839, '21daysOrderNum': 93, 'Exceed21daysCompletionRate': 0, 'Exceed21daysOrderNum': 0}",True
22323931616356,0011001600110005,創意便攜式不鏽鋼指甲剪多功能開瓶器帶鑰匙圈家用指甲刀指甲鉗 041-02257,500,"{'filename': '22323931616356_946.jpg,22323931616356_550.jpg', 'url': ['https://gcs.rimg.com.tw/g2/7/b4/64/22323931616356_946.jpg', 'https://gcs.rimg.com.tw/g2/7/b4/64/22323931616356_550.jpg'], 'm_url': ['https://gcs.rimg.com.tw/g2/7/b4/64/22323931616356_946_m.jpg', 'https://gcs.rimg.com.tw/g2/7/b4/64/22323931616356_550_m.jpg']}",TWD,23,23,"{'min': 23, 'max': 23, 'ori_min': 23, 'ori_max': 23}",0,0,0,0,0,0,,,,,,True,1686481261,N,"{'SEVEN_COD': 75, 'FAMI_COD': 75, 'HILIFE_COD': 75, 'POST': 60}",B,A,RUTEN,6767157,el_diyan,28072,"['PP_CRD', 'PAYLINK', 'SEVEN_COD', 'FAMI_COD', 'HILIFE_COD']",0,23,414447848,,,,,2024-01-12,False,True,False,False,False,False,1686481262,2145887999,"{'TotalCompletionRate': 0.92555475, 'TotalOrderNum': 4191, '24hCompletionRate': 0, '24hOrderNum': 0, '3daysCompletionRate': 1, '3daysOrderNum': 1, '7daysCompletionRate': 0, '7daysOrderNum': 0, '14daysCompletionRate': 0.9253112, '14daysOrderNum': 4097, '21daysCompletionRate': 0.9354839, '21daysOrderNum': 93, 'Exceed21daysCompletionRate': 0, 'Exceed21daysOrderNum': 0}",True
22323931068885,0011001600110005,防滑省力開罐器家用四合一開蓋器開瓶器多功能罐頭旋蓋器擰蓋器(粉色) 041-00912,500,"{'filename': '22323931068885_487.jpg,22323931068885_294.jpg', 'url': ['https://gcs.rimg.com.tw/g1/f/59/d5/22323931068885_487.jpg', 'https://gcs.rimg.com.tw/g1/f/59/d5/22323931068885_294.jpg'], 'm_url': ['https://gcs.rimg.com.tw/g1/f/59/d5/22323931068885_487_m.jpg', 'https://gcs.rimg.com.tw/g1/f/59/d5/22323931068885_294_m.jpg']}",TWD,78,78,"{'min': 78, 'max': 78, 'ori_min': 78, 'ori_max': 78}",0,0,0,0,0,0,,,,,,True,1686476731,N,"{'SEVEN_COD': 75, 'FAMI_COD': 75, 'HILIFE_COD': 75, 'POST': 60}",B,A,RUTEN,6767157,el_diyan,28072,"['PP_CRD', 'PAYLINK', 'SEVEN_COD', 'FAMI_COD', 'HILIFE_COD']",0,78,414447848,,,,,2024-01-12,False,True,False,False,False,False,1686476732,2145887999,"{'TotalCompletionRate': 0.92555475, 'TotalOrderNum': 4191, '24hCompletionRate': 0, '24hOrderNum': 0, '3daysCompletionRate': 1, '3daysOrderNum': 1, '7daysCompletionRate': 0, '7daysOrderNum': 0, '14daysCompletionRate': 0.9253112, '14daysOrderNum': 4097, '21daysCompletionRate': 0.9354839, '21daysOrderNum': 93, 'Exceed21daysCompletionRate': 0, 'Exceed21daysOrderNum': 0}",True
